--
-- PostgreSQL database dump
--

-- Dumped from database version 15.4
-- Dumped by pg_dump version 15.4

-- Started on 2023-10-27 22:45:40 PDT

SET statement_timeout = 0;
SET lock_timeout = 0;
SET idle_in_transaction_session_timeout = 0;
SET client_encoding = 'UTF8';
SET standard_conforming_strings = on;
SELECT pg_catalog.set_config('search_path', '', false);
SET check_function_bodies = false;
SET xmloption = content;
SET client_min_messages = warning;
SET row_security = off;

DROP DATABASE IF EXISTS incenti_plan;
--
-- TOC entry 3658 (class 1262 OID 16398)
-- Name: incenti_plan; Type: DATABASE; Schema: -; Owner: postgres
--

CREATE DATABASE incenti_plan WITH TEMPLATE = template0 ENCODING = 'UTF8' LOCALE_PROVIDER = libc LOCALE = 'C';


ALTER DATABASE incenti_plan OWNER TO postgres;

\connect incenti_plan

SET statement_timeout = 0;
SET lock_timeout = 0;
SET idle_in_transaction_session_timeout = 0;
SET client_encoding = 'UTF8';
SET standard_conforming_strings = on;
SELECT pg_catalog.set_config('search_path', '', false);
SET check_function_bodies = false;
SET xmloption = content;
SET client_min_messages = warning;
SET row_security = off;

--
-- TOC entry 6 (class 2615 OID 16415)
-- Name: student_incentive_plan; Type: SCHEMA; Schema: -; Owner: postgres
--

CREATE SCHEMA student_incentive_plan;


ALTER SCHEMA student_incentive_plan OWNER TO postgres;

SET default_tablespace = '';

SET default_table_access_method = heap;

--
-- TOC entry 220 (class 1259 OID 17468)
-- Name: course; Type: TABLE; Schema: student_incentive_plan; Owner: postgres
--

CREATE TABLE student_incentive_plan.course (
    id bigint NOT NULL,
    course_name character varying(256),
    subject character varying(256),
    course_description text
);


ALTER TABLE student_incentive_plan.course OWNER TO postgres;

--
-- TOC entry 219 (class 1259 OID 17467)
-- Name: course_id_seq; Type: SEQUENCE; Schema: student_incentive_plan; Owner: postgres
--

CREATE SEQUENCE student_incentive_plan.course_id_seq
    AS integer
    START WITH 1
    INCREMENT BY 1
    NO MINVALUE
    NO MAXVALUE
    CACHE 1;


ALTER TABLE student_incentive_plan.course_id_seq OWNER TO postgres;

--
-- TOC entry 3659 (class 0 OID 0)
-- Dependencies: 219
-- Name: course_id_seq; Type: SEQUENCE OWNED BY; Schema: student_incentive_plan; Owner: postgres
--

ALTER SEQUENCE student_incentive_plan.course_id_seq OWNED BY student_incentive_plan.course.id;


--
-- TOC entry 228 (class 1259 OID 17690)
-- Name: course_year_reln; Type: TABLE; Schema: student_incentive_plan; Owner: postgres
--

CREATE TABLE student_incentive_plan.course_year_reln (
    id bigint NOT NULL,
    academic_year character varying(10),
    course_id bigint NOT NULL,
    teacher_id bigint NOT NULL,
    room_number character varying(25)
);


ALTER TABLE student_incentive_plan.course_year_reln OWNER TO postgres;

--
-- TOC entry 226 (class 1259 OID 17510)
-- Name: user_schedule_assigned_user_reln; Type: TABLE; Schema: student_incentive_plan; Owner: postgres
--

CREATE TABLE student_incentive_plan.user_schedule_assigned_user_reln (
    id bigint NOT NULL,
    user_schedule_id bigint,
    assigned_user_id bigint,
    assigned_user_comments text,
    status character varying(1)
);


ALTER TABLE student_incentive_plan.user_schedule_assigned_user_reln OWNER TO postgres;

--
-- TOC entry 225 (class 1259 OID 17509)
-- Name: schedule_reln_id_seq; Type: SEQUENCE; Schema: student_incentive_plan; Owner: postgres
--

CREATE SEQUENCE student_incentive_plan.schedule_reln_id_seq
    AS integer
    START WITH 1
    INCREMENT BY 1
    NO MINVALUE
    NO MAXVALUE
    CACHE 1;


ALTER TABLE student_incentive_plan.schedule_reln_id_seq OWNER TO postgres;

--
-- TOC entry 3660 (class 0 OID 0)
-- Dependencies: 225
-- Name: schedule_reln_id_seq; Type: SEQUENCE OWNED BY; Schema: student_incentive_plan; Owner: postgres
--

ALTER SEQUENCE student_incentive_plan.schedule_reln_id_seq OWNED BY student_incentive_plan.user_schedule_assigned_user_reln.id;


--
-- TOC entry 222 (class 1259 OID 17492)
-- Name: task; Type: TABLE; Schema: student_incentive_plan; Owner: postgres
--

CREATE TABLE student_incentive_plan.task (
    id bigint NOT NULL,
    year_course_reln_id bigint,
    task_name character varying(256),
    task_type character varying(256),
    task_description text,
    task_due_date date,
    task_score numeric
);


ALTER TABLE student_incentive_plan.task OWNER TO postgres;

--
-- TOC entry 221 (class 1259 OID 17491)
-- Name: task_id_seq; Type: SEQUENCE; Schema: student_incentive_plan; Owner: postgres
--

CREATE SEQUENCE student_incentive_plan.task_id_seq
    AS integer
    START WITH 1
    INCREMENT BY 1
    NO MINVALUE
    NO MAXVALUE
    CACHE 1;


ALTER TABLE student_incentive_plan.task_id_seq OWNER TO postgres;

--
-- TOC entry 3661 (class 0 OID 0)
-- Dependencies: 221
-- Name: task_id_seq; Type: SEQUENCE OWNED BY; Schema: student_incentive_plan; Owner: postgres
--

ALTER SEQUENCE student_incentive_plan.task_id_seq OWNED BY student_incentive_plan.task.id;


--
-- TOC entry 216 (class 1259 OID 17450)
-- Name: user; Type: TABLE; Schema: student_incentive_plan; Owner: postgres
--

CREATE TABLE student_incentive_plan."user" (
    id bigint NOT NULL,
    first_name character varying(256),
    last_name character varying(256),
    email character varying(256),
    password character varying(12),
    date_of_birth date,
    user_type character varying(25),
    is_active boolean,
    user_group character varying(10)
);


ALTER TABLE student_incentive_plan."user" OWNER TO postgres;

--
-- TOC entry 227 (class 1259 OID 17674)
-- Name: user_course_reln; Type: TABLE; Schema: student_incentive_plan; Owner: postgres
--

CREATE TABLE student_incentive_plan.user_course_reln (
    id bigint NOT NULL,
    user_id bigint,
    year_course_reln_id bigint
);


ALTER TABLE student_incentive_plan.user_course_reln OWNER TO postgres;

--
-- TOC entry 215 (class 1259 OID 17449)
-- Name: user_id_seq; Type: SEQUENCE; Schema: student_incentive_plan; Owner: postgres
--

CREATE SEQUENCE student_incentive_plan.user_id_seq
    AS integer
    START WITH 1
    INCREMENT BY 1
    NO MINVALUE
    NO MAXVALUE
    CACHE 1;


ALTER TABLE student_incentive_plan.user_id_seq OWNER TO postgres;

--
-- TOC entry 3662 (class 0 OID 0)
-- Dependencies: 215
-- Name: user_id_seq; Type: SEQUENCE OWNED BY; Schema: student_incentive_plan; Owner: postgres
--

ALTER SEQUENCE student_incentive_plan.user_id_seq OWNED BY student_incentive_plan."user".id;


--
-- TOC entry 218 (class 1259 OID 17461)
-- Name: user_reln; Type: TABLE; Schema: student_incentive_plan; Owner: postgres
--

CREATE TABLE student_incentive_plan.user_reln (
    id bigint NOT NULL,
    primary_user_id bigint,
    related_user_id bigint,
    reln_type character varying(256),
    status character varying(10)
);


ALTER TABLE student_incentive_plan.user_reln OWNER TO postgres;

--
-- TOC entry 217 (class 1259 OID 17460)
-- Name: user_reln_id_seq; Type: SEQUENCE; Schema: student_incentive_plan; Owner: postgres
--

CREATE SEQUENCE student_incentive_plan.user_reln_id_seq
    AS integer
    START WITH 1
    INCREMENT BY 1
    NO MINVALUE
    NO MAXVALUE
    CACHE 1;


ALTER TABLE student_incentive_plan.user_reln_id_seq OWNER TO postgres;

--
-- TOC entry 3663 (class 0 OID 0)
-- Dependencies: 217
-- Name: user_reln_id_seq; Type: SEQUENCE OWNED BY; Schema: student_incentive_plan; Owner: postgres
--

ALTER SEQUENCE student_incentive_plan.user_reln_id_seq OWNED BY student_incentive_plan.user_reln.id;


--
-- TOC entry 224 (class 1259 OID 17501)
-- Name: user_schedule; Type: TABLE; Schema: student_incentive_plan; Owner: postgres
--

CREATE TABLE student_incentive_plan.user_schedule (
    id bigint NOT NULL,
    user_id bigint,
    task_id bigint,
    start_date date,
    end_date date,
    completion_percentage double precision,
    status character varying(1),
    update text
);


ALTER TABLE student_incentive_plan.user_schedule OWNER TO postgres;

--
-- TOC entry 223 (class 1259 OID 17500)
-- Name: user_schedule_id_seq; Type: SEQUENCE; Schema: student_incentive_plan; Owner: postgres
--

CREATE SEQUENCE student_incentive_plan.user_schedule_id_seq
    AS integer
    START WITH 1
    INCREMENT BY 1
    NO MINVALUE
    NO MAXVALUE
    CACHE 1;


ALTER TABLE student_incentive_plan.user_schedule_id_seq OWNER TO postgres;

--
-- TOC entry 3664 (class 0 OID 0)
-- Dependencies: 223
-- Name: user_schedule_id_seq; Type: SEQUENCE OWNED BY; Schema: student_incentive_plan; Owner: postgres
--

ALTER SEQUENCE student_incentive_plan.user_schedule_id_seq OWNED BY student_incentive_plan.user_schedule.id;


--
-- TOC entry 3475 (class 2604 OID 17527)
-- Name: course id; Type: DEFAULT; Schema: student_incentive_plan; Owner: postgres
--

ALTER TABLE ONLY student_incentive_plan.course ALTER COLUMN id SET DEFAULT nextval('student_incentive_plan.course_id_seq'::regclass);


--
-- TOC entry 3476 (class 2604 OID 17567)
-- Name: task id; Type: DEFAULT; Schema: student_incentive_plan; Owner: postgres
--

ALTER TABLE ONLY student_incentive_plan.task ALTER COLUMN id SET DEFAULT nextval('student_incentive_plan.task_id_seq'::regclass);


--
-- TOC entry 3473 (class 2604 OID 17597)
-- Name: user id; Type: DEFAULT; Schema: student_incentive_plan; Owner: postgres
--

ALTER TABLE ONLY student_incentive_plan."user" ALTER COLUMN id SET DEFAULT nextval('student_incentive_plan.user_id_seq'::regclass);


--
-- TOC entry 3474 (class 2604 OID 17626)
-- Name: user_reln id; Type: DEFAULT; Schema: student_incentive_plan; Owner: postgres
--

ALTER TABLE ONLY student_incentive_plan.user_reln ALTER COLUMN id SET DEFAULT nextval('student_incentive_plan.user_reln_id_seq'::regclass);


--
-- TOC entry 3477 (class 2604 OID 17642)
-- Name: user_schedule id; Type: DEFAULT; Schema: student_incentive_plan; Owner: postgres
--

ALTER TABLE ONLY student_incentive_plan.user_schedule ALTER COLUMN id SET DEFAULT nextval('student_incentive_plan.user_schedule_id_seq'::regclass);


--
-- TOC entry 3644 (class 0 OID 17468)
-- Dependencies: 220
-- Data for Name: course; Type: TABLE DATA; Schema: student_incentive_plan; Owner: postgres
--

INSERT INTO student_incentive_plan.course (id, course_name, subject, course_description) VALUES (1, 'Spanish 1', 'Language', 'Description');
INSERT INTO student_incentive_plan.course (id, course_name, subject, course_description) VALUES (2, 'Spanish 2', 'Language', 'Description');
INSERT INTO student_incentive_plan.course (id, course_name, subject, course_description) VALUES (3, 'Physics', 'Science', 'Desc 1');
INSERT INTO student_incentive_plan.course (id, course_name, subject, course_description) VALUES (4, 'Chemistry', 'Science', 'wewwe');
INSERT INTO student_incentive_plan.course (id, course_name, subject, course_description) VALUES (5, 'Physics Hons', 'Science', '3232323');
INSERT INTO student_incentive_plan.course (id, course_name, subject, course_description) VALUES (6, 'History', 'History', 'ssdcsdc');
INSERT INTO student_incentive_plan.course (id, course_name, subject, course_description) VALUES (7, 'AP World History', 'History', 'cwecwecw');
INSERT INTO student_incentive_plan.course (id, course_name, subject, course_description) VALUES (8, 'AP US History', 'History', 'desc 123');
INSERT INTO student_incentive_plan.course (id, course_name, subject, course_description) VALUES (9, 'Algebra 1', 'Math', NULL);
INSERT INTO student_incentive_plan.course (id, course_name, subject, course_description) VALUES (10, 'Algebra 2', 'Math', NULL);
INSERT INTO student_incentive_plan.course (id, course_name, subject, course_description) VALUES (20231026212202212, 'test', 'History', 'asvasvasv');
INSERT INTO student_incentive_plan.course (id, course_name, subject, course_description) VALUES (20231026212445317, 'Rel Test', 'Religion', 'Rel Desc');
INSERT INTO student_incentive_plan.course (id, course_name, subject, course_description) VALUES (20231027030034977, 'Geometry', 'Math', 'Geometry');


--
-- TOC entry 3652 (class 0 OID 17690)
-- Dependencies: 228
-- Data for Name: course_year_reln; Type: TABLE DATA; Schema: student_incentive_plan; Owner: postgres
--

INSERT INTO student_incentive_plan.course_year_reln (id, academic_year, course_id, teacher_id, room_number) VALUES (1, '2023-24', 1, 1, '101');
INSERT INTO student_incentive_plan.course_year_reln (id, academic_year, course_id, teacher_id, room_number) VALUES (2, '2023-24', 2, 2, '201');
INSERT INTO student_incentive_plan.course_year_reln (id, academic_year, course_id, teacher_id, room_number) VALUES (3, '2023-24', 3, 3, '301');
INSERT INTO student_incentive_plan.course_year_reln (id, academic_year, course_id, teacher_id, room_number) VALUES (4, '2023-24', 4, 4, '401');
INSERT INTO student_incentive_plan.course_year_reln (id, academic_year, course_id, teacher_id, room_number) VALUES (5, '2023-24', 5, 5, '102');
INSERT INTO student_incentive_plan.course_year_reln (id, academic_year, course_id, teacher_id, room_number) VALUES (6, '2023-24', 6, 6, '202');
INSERT INTO student_incentive_plan.course_year_reln (id, academic_year, course_id, teacher_id, room_number) VALUES (7, '2023-24', 7, 7, '302');
INSERT INTO student_incentive_plan.course_year_reln (id, academic_year, course_id, teacher_id, room_number) VALUES (8, '2023-24', 8, 8, '402');
INSERT INTO student_incentive_plan.course_year_reln (id, academic_year, course_id, teacher_id, room_number) VALUES (9, '2023-24', 9, 9, '103');
INSERT INTO student_incentive_plan.course_year_reln (id, academic_year, course_id, teacher_id, room_number) VALUES (10, '2023-24', 10, 10, '203');
INSERT INTO student_incentive_plan.course_year_reln (id, academic_year, course_id, teacher_id, room_number) VALUES (11, '2024-25', 1, 11, '101');
INSERT INTO student_incentive_plan.course_year_reln (id, academic_year, course_id, teacher_id, room_number) VALUES (12, '2024-25', 2, 12, '201');
INSERT INTO student_incentive_plan.course_year_reln (id, academic_year, course_id, teacher_id, room_number) VALUES (13, '2024-25', 3, 13, '301');
INSERT INTO student_incentive_plan.course_year_reln (id, academic_year, course_id, teacher_id, room_number) VALUES (14, '2024-25', 4, 14, '401');
INSERT INTO student_incentive_plan.course_year_reln (id, academic_year, course_id, teacher_id, room_number) VALUES (15, '2024-25', 5, 15, '102');
INSERT INTO student_incentive_plan.course_year_reln (id, academic_year, course_id, teacher_id, room_number) VALUES (16, '2024-25', 6, 16, '202');
INSERT INTO student_incentive_plan.course_year_reln (id, academic_year, course_id, teacher_id, room_number) VALUES (17, '2024-25', 7, 17, '302');
INSERT INTO student_incentive_plan.course_year_reln (id, academic_year, course_id, teacher_id, room_number) VALUES (18, '2024-25', 8, 18, '402');
INSERT INTO student_incentive_plan.course_year_reln (id, academic_year, course_id, teacher_id, room_number) VALUES (19, '2024-25', 9, 19, '103');
INSERT INTO student_incentive_plan.course_year_reln (id, academic_year, course_id, teacher_id, room_number) VALUES (20, '2024-25', 10, 20, '203');
INSERT INTO student_incentive_plan.course_year_reln (id, academic_year, course_id, teacher_id, room_number) VALUES (20231027041057914, '1999', 20231027030034977, 198, '111');


--
-- TOC entry 3646 (class 0 OID 17492)
-- Dependencies: 222
-- Data for Name: task; Type: TABLE DATA; Schema: student_incentive_plan; Owner: postgres
--

INSERT INTO student_incentive_plan.task (id, year_course_reln_id, task_name, task_type, task_description, task_due_date, task_score) VALUES (1, 1, 'Homework 1.1', 'HW', NULL, '2023-10-31', NULL);
INSERT INTO student_incentive_plan.task (id, year_course_reln_id, task_name, task_type, task_description, task_due_date, task_score) VALUES (2, 2, 'Learning Check 1', 'LC', NULL, '2023-10-20', NULL);
INSERT INTO student_incentive_plan.task (id, year_course_reln_id, task_name, task_type, task_description, task_due_date, task_score) VALUES (3, 3, 'Homework 1.1', 'HW', NULL, '2023-10-31', NULL);
INSERT INTO student_incentive_plan.task (id, year_course_reln_id, task_name, task_type, task_description, task_due_date, task_score) VALUES (4, 4, 'Learning Check 1', 'LC', NULL, '2023-10-20', NULL);
INSERT INTO student_incentive_plan.task (id, year_course_reln_id, task_name, task_type, task_description, task_due_date, task_score) VALUES (5, 5, 'Homework 1.1', 'HW', NULL, '2023-10-31', NULL);
INSERT INTO student_incentive_plan.task (id, year_course_reln_id, task_name, task_type, task_description, task_due_date, task_score) VALUES (6, 6, 'Learning Check 1', 'LC', NULL, '2023-10-20', NULL);
INSERT INTO student_incentive_plan.task (id, year_course_reln_id, task_name, task_type, task_description, task_due_date, task_score) VALUES (7, 7, 'Homework 1.1', 'HW', NULL, '2023-10-31', NULL);
INSERT INTO student_incentive_plan.task (id, year_course_reln_id, task_name, task_type, task_description, task_due_date, task_score) VALUES (8, 8, 'Learning Check 1', 'LC', NULL, '2023-10-20', NULL);
INSERT INTO student_incentive_plan.task (id, year_course_reln_id, task_name, task_type, task_description, task_due_date, task_score) VALUES (9, 9, 'Homework 1.1', 'HW', NULL, '2023-10-31', NULL);
INSERT INTO student_incentive_plan.task (id, year_course_reln_id, task_name, task_type, task_description, task_due_date, task_score) VALUES (10, 10, 'Learning Check 1', 'LC', NULL, '2023-10-20', NULL);
INSERT INTO student_incentive_plan.task (id, year_course_reln_id, task_name, task_type, task_description, task_due_date, task_score) VALUES (11, 1, 'Final Exam', 'FINAL', NULL, '2023-12-31', NULL);
INSERT INTO student_incentive_plan.task (id, year_course_reln_id, task_name, task_type, task_description, task_due_date, task_score) VALUES (12, 2, 'Final Exam', 'FINAL', NULL, '2023-12-31', NULL);
INSERT INTO student_incentive_plan.task (id, year_course_reln_id, task_name, task_type, task_description, task_due_date, task_score) VALUES (13, 3, 'Final Exam', 'FINAL', NULL, '2023-12-31', NULL);
INSERT INTO student_incentive_plan.task (id, year_course_reln_id, task_name, task_type, task_description, task_due_date, task_score) VALUES (14, 4, 'Final Exam', 'FINAL', NULL, '2023-12-31', NULL);
INSERT INTO student_incentive_plan.task (id, year_course_reln_id, task_name, task_type, task_description, task_due_date, task_score) VALUES (15, 5, 'Final Exam', 'FINAL', NULL, '2023-12-31', NULL);
INSERT INTO student_incentive_plan.task (id, year_course_reln_id, task_name, task_type, task_description, task_due_date, task_score) VALUES (16, 6, 'Final Exam', 'FINAL', NULL, '2023-12-31', NULL);
INSERT INTO student_incentive_plan.task (id, year_course_reln_id, task_name, task_type, task_description, task_due_date, task_score) VALUES (17, 7, 'Final Exam', 'FINAL', NULL, '2023-12-31', NULL);
INSERT INTO student_incentive_plan.task (id, year_course_reln_id, task_name, task_type, task_description, task_due_date, task_score) VALUES (18, 8, 'Final Exam', 'FINAL', NULL, '2023-12-31', NULL);
INSERT INTO student_incentive_plan.task (id, year_course_reln_id, task_name, task_type, task_description, task_due_date, task_score) VALUES (19, 9, 'Final Exam', 'FINAL', NULL, '2023-12-31', NULL);
INSERT INTO student_incentive_plan.task (id, year_course_reln_id, task_name, task_type, task_description, task_due_date, task_score) VALUES (20, 10, 'Final Exam', 'FINAL', NULL, '2023-12-31', NULL);
INSERT INTO student_incentive_plan.task (id, year_course_reln_id, task_name, task_type, task_description, task_due_date, task_score) VALUES (20231023034203, 8, 'name', 'type', 'desc', '2023-10-25', 100);


--
-- TOC entry 3640 (class 0 OID 17450)
-- Dependencies: 216
-- Data for Name: user; Type: TABLE DATA; Schema: student_incentive_plan; Owner: postgres
--

INSERT INTO student_incentive_plan."user" (id, first_name, last_name, email, password, date_of_birth, user_type, is_active, user_group) VALUES (51, 'Chantalle', 'Nowaczyk', 'cnowaczyk1e@marketwatch.com', 'test', '2052-05-03', 'Student', NULL, NULL);
INSERT INTO student_incentive_plan."user" (id, first_name, last_name, email, password, date_of_birth, user_type, is_active, user_group) VALUES (999999, 'First', 'Last', 'a@b.c', 'test', '2020-01-01', 'Admin', true, NULL);
INSERT INTO student_incentive_plan."user" (id, first_name, last_name, email, password, date_of_birth, user_type, is_active, user_group) VALUES (501, 'Brocky', 'Glowacha', 'bglowachadw@oakley.com', 'test', '2003-05-09', 'Admin', NULL, NULL);
INSERT INTO student_incentive_plan."user" (id, first_name, last_name, email, password, date_of_birth, user_type, is_active, user_group) VALUES (502, 'Rolph', 'Esparza', 'resparzadx@mashable.com', 'test', '1999-01-17', 'Admin', NULL, NULL);
INSERT INTO student_incentive_plan."user" (id, first_name, last_name, email, password, date_of_birth, user_type, is_active, user_group) VALUES (503, 'Harper', 'Kinnoch', 'hkinnochdy@linkedin.com', 'test', '2008-04-11', 'Admin', NULL, NULL);
INSERT INTO student_incentive_plan."user" (id, first_name, last_name, email, password, date_of_birth, user_type, is_active, user_group) VALUES (504, 'Rogerio', 'Furneaux', 'rfurneauxdz@amazon.de', 'test', '2019-05-03', 'Admin', NULL, NULL);
INSERT INTO student_incentive_plan."user" (id, first_name, last_name, email, password, date_of_birth, user_type, is_active, user_group) VALUES (505, 'Kim', 'Jost', 'kjoste0@ning.com', 'test', '2016-05-24', 'Admin', NULL, NULL);
INSERT INTO student_incentive_plan."user" (id, first_name, last_name, email, password, date_of_birth, user_type, is_active, user_group) VALUES (506, 'Victoria', 'Drepp', 'vdreppe1@wix.com', 'test', '1996-10-17', 'Admin', NULL, NULL);
INSERT INTO student_incentive_plan."user" (id, first_name, last_name, email, password, date_of_birth, user_type, is_active, user_group) VALUES (507, 'Ilysa', 'Bartosiak', 'ibartosiake2@jimdo.com', 'test', '1993-07-25', 'Admin', NULL, NULL);
INSERT INTO student_incentive_plan."user" (id, first_name, last_name, email, password, date_of_birth, user_type, is_active, user_group) VALUES (508, 'Nedi', 'Filippello', 'nfilippelloe3@clickbank.net', 'test', '1999-11-03', 'Admin', NULL, NULL);
INSERT INTO student_incentive_plan."user" (id, first_name, last_name, email, password, date_of_birth, user_type, is_active, user_group) VALUES (509, 'Betta', 'Sprull', 'bsprulle4@51.la', 'test', '2037-07-04', 'Admin', NULL, NULL);
INSERT INTO student_incentive_plan."user" (id, first_name, last_name, email, password, date_of_birth, user_type, is_active, user_group) VALUES (510, 'Troy', 'Rivaland', 'trivalande5@unicef.org', 'test', '2018-10-04', 'Admin', NULL, NULL);
INSERT INTO student_incentive_plan."user" (id, first_name, last_name, email, password, date_of_birth, user_type, is_active, user_group) VALUES (511, 'Chan', 'Oldale', 'coldalee6@phoca.cz', 'test', '2011-07-27', 'Admin', NULL, NULL);
INSERT INTO student_incentive_plan."user" (id, first_name, last_name, email, password, date_of_birth, user_type, is_active, user_group) VALUES (512, 'Beitris', 'Wendover', 'bwendovere7@census.gov', 'test', '1991-10-23', 'Admin', NULL, NULL);
INSERT INTO student_incentive_plan."user" (id, first_name, last_name, email, password, date_of_birth, user_type, is_active, user_group) VALUES (513, 'Fredi', 'de Najera', 'fdenajerae8@xing.com', 'test', '1983-12-31', 'Admin', NULL, NULL);
INSERT INTO student_incentive_plan."user" (id, first_name, last_name, email, password, date_of_birth, user_type, is_active, user_group) VALUES (514, 'Nicolea', 'Vallack', 'nvallacke9@businesswire.com', 'test', '2068-11-26', 'Admin', NULL, NULL);
INSERT INTO student_incentive_plan."user" (id, first_name, last_name, email, password, date_of_birth, user_type, is_active, user_group) VALUES (515, 'Seward', 'Danaher', 'sdanaherea@soup.io', 'test', '2014-09-14', 'Admin', NULL, NULL);
INSERT INTO student_incentive_plan."user" (id, first_name, last_name, email, password, date_of_birth, user_type, is_active, user_group) VALUES (516, 'Hadria', 'Ferrarone', 'hferraroneeb@artisteer.com', 'test', '1996-09-04', 'Admin', NULL, NULL);
INSERT INTO student_incentive_plan."user" (id, first_name, last_name, email, password, date_of_birth, user_type, is_active, user_group) VALUES (517, 'Guendolen', 'Float', 'gfloatec@google.com.br', 'test', '2011-04-06', 'Admin', NULL, NULL);
INSERT INTO student_incentive_plan."user" (id, first_name, last_name, email, password, date_of_birth, user_type, is_active, user_group) VALUES (518, 'Evangelin', 'Sanchez', 'esanchezed@spotify.com', 'test', '1975-12-31', 'Admin', NULL, NULL);
INSERT INTO student_incentive_plan."user" (id, first_name, last_name, email, password, date_of_birth, user_type, is_active, user_group) VALUES (519, 'Roberto', 'Frayn', 'rfraynee@dot.gov', 'test', '2019-07-10', 'Admin', NULL, NULL);
INSERT INTO student_incentive_plan."user" (id, first_name, last_name, email, password, date_of_birth, user_type, is_active, user_group) VALUES (520, 'Debbi', 'Castillou', 'dcastillouef@fastcompany.com', 'test', '1977-01-24', 'Admin', NULL, NULL);
INSERT INTO student_incentive_plan."user" (id, first_name, last_name, email, password, date_of_birth, user_type, is_active, user_group) VALUES (521, 'Andriette', 'Charlot', 'acharloteg@wikipedia.org', 'test', '2052-07-12', 'Admin', NULL, NULL);
INSERT INTO student_incentive_plan."user" (id, first_name, last_name, email, password, date_of_birth, user_type, is_active, user_group) VALUES (522, 'Karrie', 'Macconaghy', 'kmacconaghyeh@admin.ch', 'test', '1988-10-21', 'Admin', NULL, NULL);
INSERT INTO student_incentive_plan."user" (id, first_name, last_name, email, password, date_of_birth, user_type, is_active, user_group) VALUES (523, 'Susannah', 'Cranmere', 'scranmereei@bloomberg.com', 'test', '2033-03-28', 'Admin', NULL, NULL);
INSERT INTO student_incentive_plan."user" (id, first_name, last_name, email, password, date_of_birth, user_type, is_active, user_group) VALUES (524, 'Davidson', 'Chandler', 'dchandlerej@merriam-webster.com', 'test', '2038-08-18', 'Admin', NULL, NULL);
INSERT INTO student_incentive_plan."user" (id, first_name, last_name, email, password, date_of_birth, user_type, is_active, user_group) VALUES (525, 'David', 'Wykes', 'dwykesek@reference.com', 'test', '2007-08-12', 'Admin', NULL, NULL);
INSERT INTO student_incentive_plan."user" (id, first_name, last_name, email, password, date_of_birth, user_type, is_active, user_group) VALUES (526, 'Leroi', 'Pearch', 'lpearchel@dailymail.co.uk', 'test', '2006-12-12', 'Admin', NULL, NULL);
INSERT INTO student_incentive_plan."user" (id, first_name, last_name, email, password, date_of_birth, user_type, is_active, user_group) VALUES (527, 'Etheline', 'Maple', 'emapleem@seattletimes.com', 'test', '1970-12-14', 'Admin', NULL, NULL);
INSERT INTO student_incentive_plan."user" (id, first_name, last_name, email, password, date_of_birth, user_type, is_active, user_group) VALUES (528, 'Heall', 'Lisciandro', 'hlisciandroen@issuu.com', 'test', '2005-01-29', 'Admin', NULL, NULL);
INSERT INTO student_incentive_plan."user" (id, first_name, last_name, email, password, date_of_birth, user_type, is_active, user_group) VALUES (529, 'Terese', 'Baston', 'tbastoneo@umn.edu', 'test', '2062-06-28', 'Admin', NULL, NULL);
INSERT INTO student_incentive_plan."user" (id, first_name, last_name, email, password, date_of_birth, user_type, is_active, user_group) VALUES (530, 'Raphael', 'McIlheran', 'rmcilheranep@telegraph.co.uk', 'test', '2015-12-17', 'Admin', NULL, NULL);
INSERT INTO student_incentive_plan."user" (id, first_name, last_name, email, password, date_of_birth, user_type, is_active, user_group) VALUES (531, 'Roselle', 'Yeskin', 'ryeskineq@epa.gov', 'test', '2006-11-23', 'Admin', NULL, NULL);
INSERT INTO student_incentive_plan."user" (id, first_name, last_name, email, password, date_of_birth, user_type, is_active, user_group) VALUES (532, 'Charles', 'Coombe', 'ccoombeer@surveymonkey.com', 'test', '2033-07-01', 'Admin', NULL, NULL);
INSERT INTO student_incentive_plan."user" (id, first_name, last_name, email, password, date_of_birth, user_type, is_active, user_group) VALUES (533, 'Gene', 'Dinnis', 'gdinnises@chronoengine.com', 'test', '2015-02-20', 'Admin', NULL, NULL);
INSERT INTO student_incentive_plan."user" (id, first_name, last_name, email, password, date_of_birth, user_type, is_active, user_group) VALUES (534, 'Alica', 'Syde', 'asydeet@yolasite.com', 'test', '2039-09-12', 'Admin', NULL, NULL);
INSERT INTO student_incentive_plan."user" (id, first_name, last_name, email, password, date_of_birth, user_type, is_active, user_group) VALUES (535, 'Everett', 'Voss', 'evosseu@geocities.jp', 'test', '2002-09-07', 'Admin', NULL, NULL);
INSERT INTO student_incentive_plan."user" (id, first_name, last_name, email, password, date_of_birth, user_type, is_active, user_group) VALUES (536, 'Effie', 'Bullard', 'ebullardev@noaa.gov', 'test', '2005-08-24', 'Admin', NULL, NULL);
INSERT INTO student_incentive_plan."user" (id, first_name, last_name, email, password, date_of_birth, user_type, is_active, user_group) VALUES (537, 'Hodge', 'Agronski', 'hagronskiew@deviantart.com', 'test', '1995-07-29', 'Admin', NULL, NULL);
INSERT INTO student_incentive_plan."user" (id, first_name, last_name, email, password, date_of_birth, user_type, is_active, user_group) VALUES (538, 'Halley', 'Nardoni', 'hnardoniex@netlog.com', 'test', '1995-02-03', 'Admin', NULL, NULL);
INSERT INTO student_incentive_plan."user" (id, first_name, last_name, email, password, date_of_birth, user_type, is_active, user_group) VALUES (539, 'Sibel', 'Novelli', 'snovelliey@exblog.jp', 'test', '1975-08-06', 'Admin', NULL, NULL);
INSERT INTO student_incentive_plan."user" (id, first_name, last_name, email, password, date_of_birth, user_type, is_active, user_group) VALUES (540, 'Catrina', 'Gouny', 'cgounyez@icq.com', 'test', '1993-12-19', 'Admin', NULL, NULL);
INSERT INTO student_incentive_plan."user" (id, first_name, last_name, email, password, date_of_birth, user_type, is_active, user_group) VALUES (541, 'Chrisse', 'Brunon', 'cbrunonf0@redcross.org', 'test', '2036-01-15', 'Admin', NULL, NULL);
INSERT INTO student_incentive_plan."user" (id, first_name, last_name, email, password, date_of_birth, user_type, is_active, user_group) VALUES (542, 'Verene', 'Pyecroft', 'vpyecroftf1@blog.com', 'test', '2063-01-30', 'Admin', NULL, NULL);
INSERT INTO student_incentive_plan."user" (id, first_name, last_name, email, password, date_of_birth, user_type, is_active, user_group) VALUES (543, 'Sam', 'Zoppo', 'szoppof2@infoseek.co.jp', 'test', '2050-08-20', 'Admin', NULL, NULL);
INSERT INTO student_incentive_plan."user" (id, first_name, last_name, email, password, date_of_birth, user_type, is_active, user_group) VALUES (544, 'Sammie', 'Liveley', 'sliveleyf3@chicagotribune.com', 'test', '2030-04-27', 'Admin', NULL, NULL);
INSERT INTO student_incentive_plan."user" (id, first_name, last_name, email, password, date_of_birth, user_type, is_active, user_group) VALUES (545, 'Corilla', 'Berrick', 'cberrickf4@topsy.com', 'test', '2051-08-08', 'Admin', NULL, NULL);
INSERT INTO student_incentive_plan."user" (id, first_name, last_name, email, password, date_of_birth, user_type, is_active, user_group) VALUES (546, 'Nadya', 'Degg', 'ndeggf5@dell.com', 'test', '2061-04-02', 'Admin', NULL, NULL);
INSERT INTO student_incentive_plan."user" (id, first_name, last_name, email, password, date_of_birth, user_type, is_active, user_group) VALUES (547, 'Ina', 'Ellershaw', 'iellershawf6@wordpress.org', 'test', '2037-07-26', 'Admin', NULL, NULL);
INSERT INTO student_incentive_plan."user" (id, first_name, last_name, email, password, date_of_birth, user_type, is_active, user_group) VALUES (548, 'Karil', 'Abbe', 'kabbef7@slate.com', 'test', '2061-06-12', 'Admin', NULL, NULL);
INSERT INTO student_incentive_plan."user" (id, first_name, last_name, email, password, date_of_birth, user_type, is_active, user_group) VALUES (549, 'Lurlene', 'Garry', 'lgarryf8@drupal.org', 'test', '2030-10-07', 'Admin', NULL, NULL);
INSERT INTO student_incentive_plan."user" (id, first_name, last_name, email, password, date_of_birth, user_type, is_active, user_group) VALUES (550, 'Shara', 'Dover', 'sdoverf9@usatoday.com', 'test', '2019-03-18', 'Admin', NULL, NULL);
INSERT INTO student_incentive_plan."user" (id, first_name, last_name, email, password, date_of_birth, user_type, is_active, user_group) VALUES (551, 'Delano', 'Ley', 'dleyfa@wordpress.org', 'test', '2046-06-18', 'Admin', NULL, NULL);
INSERT INTO student_incentive_plan."user" (id, first_name, last_name, email, password, date_of_birth, user_type, is_active, user_group) VALUES (552, 'Zachariah', 'MacGrath', 'zmacgrathfb@parallels.com', 'test', '1972-03-02', 'Admin', NULL, NULL);
INSERT INTO student_incentive_plan."user" (id, first_name, last_name, email, password, date_of_birth, user_type, is_active, user_group) VALUES (553, 'Kayne', 'Carlin', 'kcarlinfc@studiopress.com', 'test', '2067-01-09', 'Admin', NULL, NULL);
INSERT INTO student_incentive_plan."user" (id, first_name, last_name, email, password, date_of_birth, user_type, is_active, user_group) VALUES (554, 'Des', 'Ealden', 'dealdenfd@theguardian.com', 'test', '2061-05-27', 'Admin', NULL, NULL);
INSERT INTO student_incentive_plan."user" (id, first_name, last_name, email, password, date_of_birth, user_type, is_active, user_group) VALUES (555, 'Dominga', 'Peakman', 'dpeakmanfe@ebay.com', 'test', '2014-03-28', 'Admin', NULL, NULL);
INSERT INTO student_incentive_plan."user" (id, first_name, last_name, email, password, date_of_birth, user_type, is_active, user_group) VALUES (556, 'Philbert', 'Aubrun', 'paubrunff@jiathis.com', 'test', '1991-09-18', 'Admin', NULL, NULL);
INSERT INTO student_incentive_plan."user" (id, first_name, last_name, email, password, date_of_birth, user_type, is_active, user_group) VALUES (557, 'Massimo', 'Weal', 'mwealfg@tuttocitta.it', 'test', '1992-11-27', 'Admin', NULL, NULL);
INSERT INTO student_incentive_plan."user" (id, first_name, last_name, email, password, date_of_birth, user_type, is_active, user_group) VALUES (558, 'Paulo', 'Flockhart', 'pflockhartfh@istockphoto.com', 'test', '2048-06-18', 'Admin', NULL, NULL);
INSERT INTO student_incentive_plan."user" (id, first_name, last_name, email, password, date_of_birth, user_type, is_active, user_group) VALUES (559, 'Darci', 'Mumbray', 'dmumbrayfi@ebay.com', 'test', '1995-07-29', 'Admin', NULL, NULL);
INSERT INTO student_incentive_plan."user" (id, first_name, last_name, email, password, date_of_birth, user_type, is_active, user_group) VALUES (560, 'Shandra', 'Waslin', 'swaslinfj@furl.net', 'test', '2020-09-06', 'Admin', NULL, NULL);
INSERT INTO student_incentive_plan."user" (id, first_name, last_name, email, password, date_of_birth, user_type, is_active, user_group) VALUES (561, 'Arne', 'Gaydon', 'agaydonfk@privacy.gov.au', 'test', '2001-07-19', 'Admin', NULL, NULL);
INSERT INTO student_incentive_plan."user" (id, first_name, last_name, email, password, date_of_birth, user_type, is_active, user_group) VALUES (562, 'Amble', 'Trenbay', 'atrenbayfl@bloglines.com', 'test', '2018-09-06', 'Admin', NULL, NULL);
INSERT INTO student_incentive_plan."user" (id, first_name, last_name, email, password, date_of_birth, user_type, is_active, user_group) VALUES (563, 'Robinet', 'Grabeham', 'rgrabehamfm@domainmarket.com', 'test', '2060-03-11', 'Admin', NULL, NULL);
INSERT INTO student_incentive_plan."user" (id, first_name, last_name, email, password, date_of_birth, user_type, is_active, user_group) VALUES (564, 'Neila', 'Keaves', 'nkeavesfn@people.com.cn', 'test', '2010-11-28', 'Admin', NULL, NULL);
INSERT INTO student_incentive_plan."user" (id, first_name, last_name, email, password, date_of_birth, user_type, is_active, user_group) VALUES (565, 'Ian', 'Piel', 'ipielfo@yolasite.com', 'test', '2013-06-28', 'Admin', NULL, NULL);
INSERT INTO student_incentive_plan."user" (id, first_name, last_name, email, password, date_of_birth, user_type, is_active, user_group) VALUES (566, 'Constantin', 'Mansfield', 'cmansfieldfp@blinklist.com', 'test', '2009-09-01', 'Admin', NULL, NULL);
INSERT INTO student_incentive_plan."user" (id, first_name, last_name, email, password, date_of_birth, user_type, is_active, user_group) VALUES (567, 'Gasper', 'Frichley', 'gfrichleyfq@google.cn', 'test', '2021-04-30', 'Admin', NULL, NULL);
INSERT INTO student_incentive_plan."user" (id, first_name, last_name, email, password, date_of_birth, user_type, is_active, user_group) VALUES (568, 'Clareta', 'Hovy', 'chovyfr@mysql.com', 'test', '1985-10-27', 'Admin', NULL, NULL);
INSERT INTO student_incentive_plan."user" (id, first_name, last_name, email, password, date_of_birth, user_type, is_active, user_group) VALUES (569, 'Willdon', 'Lanfranchi', 'wlanfranchifs@imgur.com', 'test', '2053-09-02', 'Admin', NULL, NULL);
INSERT INTO student_incentive_plan."user" (id, first_name, last_name, email, password, date_of_birth, user_type, is_active, user_group) VALUES (570, 'Melessa', 'Delicate', 'mdelicateft@topsy.com', 'test', '2069-04-22', 'Admin', NULL, NULL);
INSERT INTO student_incentive_plan."user" (id, first_name, last_name, email, password, date_of_birth, user_type, is_active, user_group) VALUES (571, 'Nico', 'Jauncey', 'njaunceyfu@yale.edu', 'test', '2018-03-24', 'Admin', NULL, NULL);
INSERT INTO student_incentive_plan."user" (id, first_name, last_name, email, password, date_of_birth, user_type, is_active, user_group) VALUES (572, 'Kerk', 'Liepmann', 'kliepmannfv@wix.com', 'test', '1990-12-06', 'Admin', NULL, NULL);
INSERT INTO student_incentive_plan."user" (id, first_name, last_name, email, password, date_of_birth, user_type, is_active, user_group) VALUES (573, 'Yvette', 'Curman', 'ycurmanfw@xing.com', 'test', '2007-05-23', 'Admin', NULL, NULL);
INSERT INTO student_incentive_plan."user" (id, first_name, last_name, email, password, date_of_birth, user_type, is_active, user_group) VALUES (574, 'Charlton', 'Hertwell', 'chertwellfx@dagondesign.com', 'test', '2036-10-19', 'Admin', NULL, NULL);
INSERT INTO student_incentive_plan."user" (id, first_name, last_name, email, password, date_of_birth, user_type, is_active, user_group) VALUES (575, 'Deana', 'Benini', 'dbeninify@mashable.com', 'test', '2020-10-24', 'Admin', NULL, NULL);
INSERT INTO student_incentive_plan."user" (id, first_name, last_name, email, password, date_of_birth, user_type, is_active, user_group) VALUES (576, 'Karel', 'Weatherdon', 'kweatherdonfz@mapy.cz', 'test', '2009-12-30', 'Admin', NULL, NULL);
INSERT INTO student_incentive_plan."user" (id, first_name, last_name, email, password, date_of_birth, user_type, is_active, user_group) VALUES (577, 'Hortensia', 'Shipsey', 'hshipseyg0@opera.com', 'test', '2011-06-28', 'Admin', NULL, NULL);
INSERT INTO student_incentive_plan."user" (id, first_name, last_name, email, password, date_of_birth, user_type, is_active, user_group) VALUES (578, 'Ethelbert', 'Saffle', 'esaffleg1@yelp.com', 'test', '2065-05-17', 'Admin', NULL, NULL);
INSERT INTO student_incentive_plan."user" (id, first_name, last_name, email, password, date_of_birth, user_type, is_active, user_group) VALUES (90, 'Levin', 'Labbez', 'llabbez2h@home.pl', 'test', '2049-03-08', 'Student', NULL, NULL);
INSERT INTO student_incentive_plan."user" (id, first_name, last_name, email, password, date_of_birth, user_type, is_active, user_group) VALUES (52, 'Janaye', 'Hartless', 'jhartless1f@multiply.com', 'test', '2013-09-30', 'Student', NULL, NULL);
INSERT INTO student_incentive_plan."user" (id, first_name, last_name, email, password, date_of_birth, user_type, is_active, user_group) VALUES (53, 'Gypsy', 'Murtimer', 'gmurtimer1g@google.com.hk', 'test', '2006-11-29', 'Student', NULL, NULL);
INSERT INTO student_incentive_plan."user" (id, first_name, last_name, email, password, date_of_birth, user_type, is_active, user_group) VALUES (54, 'Korney', 'Logan', 'klogan1h@soup.io', 'test', '2060-02-05', 'Student', NULL, NULL);
INSERT INTO student_incentive_plan."user" (id, first_name, last_name, email, password, date_of_birth, user_type, is_active, user_group) VALUES (55, 'Bradney', 'Fawloe', 'bfawloe1i@examiner.com', 'test', '2019-08-10', 'Student', NULL, NULL);
INSERT INTO student_incentive_plan."user" (id, first_name, last_name, email, password, date_of_birth, user_type, is_active, user_group) VALUES (56, 'Yard', 'Whewell', 'ywhewell1j@gmpg.org', 'test', '2050-05-08', 'Student', NULL, NULL);
INSERT INTO student_incentive_plan."user" (id, first_name, last_name, email, password, date_of_birth, user_type, is_active, user_group) VALUES (57, 'Charles', 'Ferrieri', 'cferrieri1k@cam.ac.uk', 'test', '2056-05-08', 'Student', NULL, NULL);
INSERT INTO student_incentive_plan."user" (id, first_name, last_name, email, password, date_of_birth, user_type, is_active, user_group) VALUES (58, 'Thomasa', 'Belward', 'tbelward1l@nifty.com', 'test', '1983-07-27', 'Student', NULL, NULL);
INSERT INTO student_incentive_plan."user" (id, first_name, last_name, email, password, date_of_birth, user_type, is_active, user_group) VALUES (59, 'Reyna', 'McGhee', 'rmcghee1m@wunderground.com', 'test', '1974-06-04', 'Student', NULL, NULL);
INSERT INTO student_incentive_plan."user" (id, first_name, last_name, email, password, date_of_birth, user_type, is_active, user_group) VALUES (60, 'Arny', 'Cready', 'acready1n@shareasale.com', 'test', '2027-11-29', 'Student', NULL, NULL);
INSERT INTO student_incentive_plan."user" (id, first_name, last_name, email, password, date_of_birth, user_type, is_active, user_group) VALUES (61, 'Taddeo', 'Renney', 'trenney1o@oakley.com', 'test', '1972-08-09', 'Student', NULL, NULL);
INSERT INTO student_incentive_plan."user" (id, first_name, last_name, email, password, date_of_birth, user_type, is_active, user_group) VALUES (62, 'Sharona', 'Stalley', 'sstalley1p@samsung.com', 'test', '2009-10-25', 'Student', NULL, NULL);
INSERT INTO student_incentive_plan."user" (id, first_name, last_name, email, password, date_of_birth, user_type, is_active, user_group) VALUES (63, 'Amory', 'Small', 'asmall1q@vimeo.com', 'test', '1977-08-21', 'Student', NULL, NULL);
INSERT INTO student_incentive_plan."user" (id, first_name, last_name, email, password, date_of_birth, user_type, is_active, user_group) VALUES (64, 'Rubi', 'Mattiello', 'rmattiello1r@unesco.org', 'test', '1980-10-18', 'Student', NULL, NULL);
INSERT INTO student_incentive_plan."user" (id, first_name, last_name, email, password, date_of_birth, user_type, is_active, user_group) VALUES (65, 'Elmo', 'Lortz', 'elortz1s@youtu.be', 'test', '2029-11-22', 'Student', NULL, NULL);
INSERT INTO student_incentive_plan."user" (id, first_name, last_name, email, password, date_of_birth, user_type, is_active, user_group) VALUES (66, 'Faydra', 'Garm', 'fgarm1t@usnews.com', 'test', '2018-12-10', 'Student', NULL, NULL);
INSERT INTO student_incentive_plan."user" (id, first_name, last_name, email, password, date_of_birth, user_type, is_active, user_group) VALUES (67, 'Cherilynn', 'Spriggin', 'cspriggin1u@odnoklassniki.ru', 'test', '2002-02-06', 'Student', NULL, NULL);
INSERT INTO student_incentive_plan."user" (id, first_name, last_name, email, password, date_of_birth, user_type, is_active, user_group) VALUES (68, 'Almeria', 'Slowly', 'aslowly1v@mit.edu', 'test', '2003-01-16', 'Student', NULL, NULL);
INSERT INTO student_incentive_plan."user" (id, first_name, last_name, email, password, date_of_birth, user_type, is_active, user_group) VALUES (69, 'Arin', 'Skypp', 'askypp1w@lulu.com', 'test', '2037-07-04', 'Student', NULL, NULL);
INSERT INTO student_incentive_plan."user" (id, first_name, last_name, email, password, date_of_birth, user_type, is_active, user_group) VALUES (70, 'Pat', 'Copping', 'pcopping1x@posterous.com', 'test', '1975-05-06', 'Student', NULL, NULL);
INSERT INTO student_incentive_plan."user" (id, first_name, last_name, email, password, date_of_birth, user_type, is_active, user_group) VALUES (71, 'Ginny', 'Littledyke', 'glittledyke1y@arstechnica.com', 'test', '1995-12-29', 'Student', NULL, NULL);
INSERT INTO student_incentive_plan."user" (id, first_name, last_name, email, password, date_of_birth, user_type, is_active, user_group) VALUES (72, 'Shanie', 'Tortice', 'stortice1z@oakley.com', 'test', '1983-01-01', 'Student', NULL, NULL);
INSERT INTO student_incentive_plan."user" (id, first_name, last_name, email, password, date_of_birth, user_type, is_active, user_group) VALUES (73, 'Richmound', 'Muxworthy', 'rmuxworthy20@cbsnews.com', 'test', '1990-07-29', 'Student', NULL, NULL);
INSERT INTO student_incentive_plan."user" (id, first_name, last_name, email, password, date_of_birth, user_type, is_active, user_group) VALUES (74, 'Jacklin', 'Kinnard', 'jkinnard21@ovh.net', 'test', '2019-04-06', 'Student', NULL, NULL);
INSERT INTO student_incentive_plan."user" (id, first_name, last_name, email, password, date_of_birth, user_type, is_active, user_group) VALUES (75, 'Judd', 'Spalding', 'jspalding22@com.com', 'test', '2011-07-25', 'Student', NULL, NULL);
INSERT INTO student_incentive_plan."user" (id, first_name, last_name, email, password, date_of_birth, user_type, is_active, user_group) VALUES (76, 'Ilysa', 'Winpenny', 'iwinpenny23@adobe.com', 'test', '2020-10-12', 'Student', NULL, NULL);
INSERT INTO student_incentive_plan."user" (id, first_name, last_name, email, password, date_of_birth, user_type, is_active, user_group) VALUES (77, 'Nanny', 'Crommett', 'ncrommett24@com.com', 'test', '2022-09-14', 'Student', NULL, NULL);
INSERT INTO student_incentive_plan."user" (id, first_name, last_name, email, password, date_of_birth, user_type, is_active, user_group) VALUES (78, 'Consalve', 'Craghead', 'ccraghead25@squidoo.com', 'test', '2002-01-02', 'Student', NULL, NULL);
INSERT INTO student_incentive_plan."user" (id, first_name, last_name, email, password, date_of_birth, user_type, is_active, user_group) VALUES (79, 'Ximenez', 'Affuso', 'xaffuso26@senate.gov', 'test', '2022-02-07', 'Student', NULL, NULL);
INSERT INTO student_incentive_plan."user" (id, first_name, last_name, email, password, date_of_birth, user_type, is_active, user_group) VALUES (80, 'Anderea', 'MacGorman', 'amacgorman27@unc.edu', 'test', '1973-01-28', 'Student', NULL, NULL);
INSERT INTO student_incentive_plan."user" (id, first_name, last_name, email, password, date_of_birth, user_type, is_active, user_group) VALUES (81, 'Dwight', 'Squire', 'dsquire28@unesco.org', 'test', '2066-01-25', 'Student', NULL, NULL);
INSERT INTO student_incentive_plan."user" (id, first_name, last_name, email, password, date_of_birth, user_type, is_active, user_group) VALUES (82, 'Colet', 'Fann', 'cfann29@furl.net', 'test', '2013-12-14', 'Student', NULL, NULL);
INSERT INTO student_incentive_plan."user" (id, first_name, last_name, email, password, date_of_birth, user_type, is_active, user_group) VALUES (83, 'Alaine', 'Beeze', 'abeeze2a@php.net', 'test', '2020-03-26', 'Student', NULL, NULL);
INSERT INTO student_incentive_plan."user" (id, first_name, last_name, email, password, date_of_birth, user_type, is_active, user_group) VALUES (84, 'Eula', 'Lovel', 'elovel2b@google.pl', 'test', '2013-02-02', 'Student', NULL, NULL);
INSERT INTO student_incentive_plan."user" (id, first_name, last_name, email, password, date_of_birth, user_type, is_active, user_group) VALUES (85, 'Worth', 'Souness', 'wsouness2c@sourceforge.net', 'test', '1982-07-19', 'Student', NULL, NULL);
INSERT INTO student_incentive_plan."user" (id, first_name, last_name, email, password, date_of_birth, user_type, is_active, user_group) VALUES (86, 'Reinhard', 'Critch', 'rcritch2d@netlog.com', 'test', '2002-03-04', 'Student', NULL, NULL);
INSERT INTO student_incentive_plan."user" (id, first_name, last_name, email, password, date_of_birth, user_type, is_active, user_group) VALUES (87, 'Nari', 'Kevis', 'nkevis2e@washingtonpost.com', 'test', '2027-03-10', 'Student', NULL, NULL);
INSERT INTO student_incentive_plan."user" (id, first_name, last_name, email, password, date_of_birth, user_type, is_active, user_group) VALUES (88, 'Lanny', 'Sisselot', 'lsisselot2f@wikimedia.org', 'test', '2031-11-28', 'Student', NULL, NULL);
INSERT INTO student_incentive_plan."user" (id, first_name, last_name, email, password, date_of_birth, user_type, is_active, user_group) VALUES (89, 'Aloisia', 'Otley', 'aotley2g@networkadvertising.org', 'test', '2056-11-02', 'Student', NULL, NULL);
INSERT INTO student_incentive_plan."user" (id, first_name, last_name, email, password, date_of_birth, user_type, is_active, user_group) VALUES (91, 'Doloritas', 'Yurevich', 'dyurevich2i@jugem.jp', 'test', '2034-06-15', 'Student', NULL, NULL);
INSERT INTO student_incentive_plan."user" (id, first_name, last_name, email, password, date_of_birth, user_type, is_active, user_group) VALUES (92, 'Shannen', 'De La Salle', 'sdelasalle2j@paginegialle.it', 'test', '2003-02-24', 'Student', NULL, NULL);
INSERT INTO student_incentive_plan."user" (id, first_name, last_name, email, password, date_of_birth, user_type, is_active, user_group) VALUES (93, 'Octavia', 'Pecht', 'opecht2k@wired.com', 'test', '2062-11-02', 'Student', NULL, NULL);
INSERT INTO student_incentive_plan."user" (id, first_name, last_name, email, password, date_of_birth, user_type, is_active, user_group) VALUES (94, 'Tresa', 'Maytum', 'tmaytum2l@skype.com', 'test', '2001-06-03', 'Student', NULL, NULL);
INSERT INTO student_incentive_plan."user" (id, first_name, last_name, email, password, date_of_birth, user_type, is_active, user_group) VALUES (95, 'Antoine', 'Bromell', 'abromell2m@fotki.com', 'test', '2004-07-03', 'Student', NULL, NULL);
INSERT INTO student_incentive_plan."user" (id, first_name, last_name, email, password, date_of_birth, user_type, is_active, user_group) VALUES (96, 'Chadd', 'Gatheral', 'cgatheral2n@ustream.tv', 'test', '1973-07-20', 'Student', NULL, NULL);
INSERT INTO student_incentive_plan."user" (id, first_name, last_name, email, password, date_of_birth, user_type, is_active, user_group) VALUES (97, 'Hersch', 'Ayshford', 'hayshford2o@arizona.edu', 'test', '2062-10-13', 'Student', NULL, NULL);
INSERT INTO student_incentive_plan."user" (id, first_name, last_name, email, password, date_of_birth, user_type, is_active, user_group) VALUES (98, 'Charis', 'Palk', 'cpalk2p@gnu.org', 'test', '2055-12-24', 'Student', NULL, NULL);
INSERT INTO student_incentive_plan."user" (id, first_name, last_name, email, password, date_of_birth, user_type, is_active, user_group) VALUES (99, 'Griffy', 'Nickless', 'gnickless2q@privacy.gov.au', 'test', '1973-09-05', 'Student', NULL, NULL);
INSERT INTO student_incentive_plan."user" (id, first_name, last_name, email, password, date_of_birth, user_type, is_active, user_group) VALUES (100, 'Nicko', 'Pringour', 'npringour2r@prnewswire.com', 'test', '1992-04-18', 'Student', NULL, NULL);
INSERT INTO student_incentive_plan."user" (id, first_name, last_name, email, password, date_of_birth, user_type, is_active, user_group) VALUES (227, 'Lucila', 'Worton', 'lworton6a@1und1.de', 'test', '2004-06-08', 'Student', NULL, NULL);
INSERT INTO student_incentive_plan."user" (id, first_name, last_name, email, password, date_of_birth, user_type, is_active, user_group) VALUES (230, 'Arturo', 'Osbourne', 'aosbourne6d@springer.com', 'test', '2029-11-08', 'Student', NULL, NULL);
INSERT INTO student_incentive_plan."user" (id, first_name, last_name, email, password, date_of_birth, user_type, is_active, user_group) VALUES (234, 'Cathleen', 'Kunkler', 'ckunkler6h@sourceforge.net', 'test', '2057-08-17', 'Student', NULL, NULL);
INSERT INTO student_incentive_plan."user" (id, first_name, last_name, email, password, date_of_birth, user_type, is_active, user_group) VALUES (237, 'Sonnie', 'Linner', 'slinner6k@macromedia.com', 'test', '2057-03-24', 'Student', NULL, NULL);
INSERT INTO student_incentive_plan."user" (id, first_name, last_name, email, password, date_of_birth, user_type, is_active, user_group) VALUES (241, 'Ancell', 'Ramirez', 'aramirez6o@google.de', 'test', '1978-05-29', 'Student', NULL, NULL);
INSERT INTO student_incentive_plan."user" (id, first_name, last_name, email, password, date_of_birth, user_type, is_active, user_group) VALUES (244, 'Carry', 'Oldacres', 'coldacres6r@last.fm', 'test', '2042-09-01', 'Student', NULL, NULL);
INSERT INTO student_incentive_plan."user" (id, first_name, last_name, email, password, date_of_birth, user_type, is_active, user_group) VALUES (248, 'Alison', 'Zorzin', 'azorzin6v@mapy.cz', 'test', '1979-02-26', 'Student', NULL, NULL);
INSERT INTO student_incentive_plan."user" (id, first_name, last_name, email, password, date_of_birth, user_type, is_active, user_group) VALUES (251, 'Everard', 'Gilbert', 'egilbert6y@nytimes.com', 'test', '1990-04-24', 'Student', NULL, NULL);
INSERT INTO student_incentive_plan."user" (id, first_name, last_name, email, password, date_of_birth, user_type, is_active, user_group) VALUES (255, 'Flinn', 'Cruden', 'fcruden72@w3.org', 'test', '1987-01-13', 'Student', NULL, NULL);
INSERT INTO student_incentive_plan."user" (id, first_name, last_name, email, password, date_of_birth, user_type, is_active, user_group) VALUES (258, 'Kathlin', 'de la Valette Parisot', 'kdelavaletteparisot75@accuweather.com', 'test', '1986-04-09', 'Student', NULL, NULL);
INSERT INTO student_incentive_plan."user" (id, first_name, last_name, email, password, date_of_birth, user_type, is_active, user_group) VALUES (262, 'Brantley', 'Golightly', 'bgolightly79@mapy.cz', 'test', '2007-11-05', 'Student', NULL, NULL);
INSERT INTO student_incentive_plan."user" (id, first_name, last_name, email, password, date_of_birth, user_type, is_active, user_group) VALUES (265, 'Lazarus', 'Huish', 'lhuish7c@hugedomains.com', 'test', '1970-06-05', 'Student', NULL, NULL);
INSERT INTO student_incentive_plan."user" (id, first_name, last_name, email, password, date_of_birth, user_type, is_active, user_group) VALUES (269, 'Viv', 'Downe', 'vdowne7g@scientificamerican.com', 'test', '2008-01-07', 'Student', NULL, NULL);
INSERT INTO student_incentive_plan."user" (id, first_name, last_name, email, password, date_of_birth, user_type, is_active, user_group) VALUES (272, 'Stafani', 'Thorp', 'sthorp7j@cbsnews.com', 'test', '2002-07-06', 'Student', NULL, NULL);
INSERT INTO student_incentive_plan."user" (id, first_name, last_name, email, password, date_of_birth, user_type, is_active, user_group) VALUES (311, 'Jodie', 'Larking', 'jlarking8m@google.com.hk', 'test', '2043-04-12', 'Student', NULL, NULL);
INSERT INTO student_incentive_plan."user" (id, first_name, last_name, email, password, date_of_birth, user_type, is_active, user_group) VALUES (314, 'Thia', 'Vankov', 'tvankov8p@odnoklassniki.ru', 'test', '2014-10-23', 'Student', NULL, NULL);
INSERT INTO student_incentive_plan."user" (id, first_name, last_name, email, password, date_of_birth, user_type, is_active, user_group) VALUES (318, 'Sibylle', 'Macauley', 'smacauley8t@slideshare.net', 'test', '1986-11-02', 'Student', NULL, NULL);
INSERT INTO student_incentive_plan."user" (id, first_name, last_name, email, password, date_of_birth, user_type, is_active, user_group) VALUES (321, 'Carla', 'Cardozo', 'ccardozo8w@usnews.com', 'test', '2013-08-20', 'Student', NULL, NULL);
INSERT INTO student_incentive_plan."user" (id, first_name, last_name, email, password, date_of_birth, user_type, is_active, user_group) VALUES (325, 'Rea', 'Androsik', 'randrosik90@skype.com', 'test', '2013-11-05', 'Student', NULL, NULL);
INSERT INTO student_incentive_plan."user" (id, first_name, last_name, email, password, date_of_birth, user_type, is_active, user_group) VALUES (328, 'Kakalina', 'Naish', 'knaish93@storify.com', 'test', '2013-06-09', 'Student', NULL, NULL);
INSERT INTO student_incentive_plan."user" (id, first_name, last_name, email, password, date_of_birth, user_type, is_active, user_group) VALUES (332, 'Hermione', 'LaBastida', 'hlabastida97@newsvine.com', 'test', '2003-04-22', 'Student', NULL, NULL);
INSERT INTO student_incentive_plan."user" (id, first_name, last_name, email, password, date_of_birth, user_type, is_active, user_group) VALUES (335, 'Brigham', 'Leefe', 'bleefe9a@engadget.com', 'test', '1970-01-18', 'Student', NULL, NULL);
INSERT INTO student_incentive_plan."user" (id, first_name, last_name, email, password, date_of_birth, user_type, is_active, user_group) VALUES (339, 'Marven', 'Dadson', 'mdadson9e@techcrunch.com', 'test', '2020-05-03', 'Student', NULL, NULL);
INSERT INTO student_incentive_plan."user" (id, first_name, last_name, email, password, date_of_birth, user_type, is_active, user_group) VALUES (342, 'Juliane', 'Gribbell', 'jgribbell9h@archive.org', 'test', '2021-03-22', 'Student', NULL, NULL);
INSERT INTO student_incentive_plan."user" (id, first_name, last_name, email, password, date_of_birth, user_type, is_active, user_group) VALUES (346, 'Nertie', 'Lapish', 'nlapish9l@utexas.edu', 'test', '1999-03-03', 'Student', NULL, NULL);
INSERT INTO student_incentive_plan."user" (id, first_name, last_name, email, password, date_of_birth, user_type, is_active, user_group) VALUES (349, 'Dmitri', 'Hayller', 'dhayller9o@newsvine.com', 'test', '2009-03-01', 'Student', NULL, NULL);
INSERT INTO student_incentive_plan."user" (id, first_name, last_name, email, password, date_of_birth, user_type, is_active, user_group) VALUES (353, 'Darn', 'Patinkin', 'dpatinkin9s@prnewswire.com', 'test', '2001-03-10', 'Student', NULL, NULL);
INSERT INTO student_incentive_plan."user" (id, first_name, last_name, email, password, date_of_birth, user_type, is_active, user_group) VALUES (356, 'Fred', 'Basezzi', 'fbasezzi9v@sbwire.com', 'test', '2067-12-24', 'Student', NULL, NULL);
INSERT INTO student_incentive_plan."user" (id, first_name, last_name, email, password, date_of_birth, user_type, is_active, user_group) VALUES (395, 'Kerk', 'Jaulmes', 'kjaulmesay@wufoo.com', 'test', '2036-08-31', 'Student', NULL, NULL);
INSERT INTO student_incentive_plan."user" (id, first_name, last_name, email, password, date_of_birth, user_type, is_active, user_group) VALUES (398, 'Teodora', 'Giannassi', 'tgiannassib1@arizona.edu', 'test', '2021-01-18', 'Student', NULL, NULL);
INSERT INTO student_incentive_plan."user" (id, first_name, last_name, email, password, date_of_birth, user_type, is_active, user_group) VALUES (402, 'Nannie', 'Dalling', 'ndallingb5@japanpost.jp', 'test', '1981-10-12', 'Student', NULL, NULL);
INSERT INTO student_incentive_plan."user" (id, first_name, last_name, email, password, date_of_birth, user_type, is_active, user_group) VALUES (405, 'Banky', 'Fullick', 'bfullickb8@meetup.com', 'test', '2009-05-19', 'Student', NULL, NULL);
INSERT INTO student_incentive_plan."user" (id, first_name, last_name, email, password, date_of_birth, user_type, is_active, user_group) VALUES (409, 'Reginald', 'Lune', 'rlunebc@newsvine.com', 'test', '2054-10-02', 'Student', NULL, NULL);
INSERT INTO student_incentive_plan."user" (id, first_name, last_name, email, password, date_of_birth, user_type, is_active, user_group) VALUES (412, 'Karilynn', 'Strelitzki', 'kstrelitzkibf@joomla.org', 'test', '2041-07-30', 'Student', NULL, NULL);
INSERT INTO student_incentive_plan."user" (id, first_name, last_name, email, password, date_of_birth, user_type, is_active, user_group) VALUES (416, 'Ranique', 'Lauritzen', 'rlauritzenbj@reverbnation.com', 'test', '2003-04-28', 'Student', NULL, NULL);
INSERT INTO student_incentive_plan."user" (id, first_name, last_name, email, password, date_of_birth, user_type, is_active, user_group) VALUES (419, 'Georgetta', 'Riccardini', 'griccardinibm@xrea.com', 'test', '1984-04-13', 'Student', NULL, NULL);
INSERT INTO student_incentive_plan."user" (id, first_name, last_name, email, password, date_of_birth, user_type, is_active, user_group) VALUES (423, 'Vannie', 'Dugget', 'vduggetbq@imgur.com', 'test', '2007-07-19', 'Student', NULL, NULL);
INSERT INTO student_incentive_plan."user" (id, first_name, last_name, email, password, date_of_birth, user_type, is_active, user_group) VALUES (426, 'Stuart', 'Tassell', 'stassellbt@lulu.com', 'test', '2008-06-20', 'Student', NULL, NULL);
INSERT INTO student_incentive_plan."user" (id, first_name, last_name, email, password, date_of_birth, user_type, is_active, user_group) VALUES (430, 'Papagena', 'Sandars', 'psandarsbx@infoseek.co.jp', 'test', '1983-09-13', 'Student', NULL, NULL);
INSERT INTO student_incentive_plan."user" (id, first_name, last_name, email, password, date_of_birth, user_type, is_active, user_group) VALUES (433, 'Carlene', 'Spering', 'csperingc0@studiopress.com', 'test', '1974-02-16', 'Student', NULL, NULL);
INSERT INTO student_incentive_plan."user" (id, first_name, last_name, email, password, date_of_birth, user_type, is_active, user_group) VALUES (437, 'Margeaux', 'Greed', 'mgreedc4@quantcast.com', 'test', '2067-02-17', 'Student', NULL, NULL);
INSERT INTO student_incentive_plan."user" (id, first_name, last_name, email, password, date_of_birth, user_type, is_active, user_group) VALUES (440, 'Sapphira', 'Rentz', 'srentzc7@prlog.org', 'test', '1978-07-31', 'Student', NULL, NULL);
INSERT INTO student_incentive_plan."user" (id, first_name, last_name, email, password, date_of_birth, user_type, is_active, user_group) VALUES (444, 'Angel', 'Lamboll', 'alambollcb@discuz.net', 'test', '2034-07-06', 'Student', NULL, NULL);
INSERT INTO student_incentive_plan."user" (id, first_name, last_name, email, password, date_of_birth, user_type, is_active, user_group) VALUES (20231027025919153, 'Advaith', 'Sunkara', 'adv@sun.com', 'test', '2000-01-01', 'Student', true, 'SFHS');
INSERT INTO student_incentive_plan."user" (id, first_name, last_name, email, password, date_of_birth, user_type, is_active, user_group) VALUES (579, 'Christie', 'Huelin', 'chueling2@flickr.com', 'test', '2024-02-01', 'Admin', NULL, NULL);
INSERT INTO student_incentive_plan."user" (id, first_name, last_name, email, password, date_of_birth, user_type, is_active, user_group) VALUES (580, 'Agnese', 'Averies', 'aaveriesg3@seattletimes.com', 'test', '2007-02-01', 'Admin', NULL, NULL);
INSERT INTO student_incentive_plan."user" (id, first_name, last_name, email, password, date_of_birth, user_type, is_active, user_group) VALUES (581, 'Buddy', 'Kerins', 'bkerinsg4@nationalgeographic.com', 'test', '1970-07-12', 'Admin', NULL, NULL);
INSERT INTO student_incentive_plan."user" (id, first_name, last_name, email, password, date_of_birth, user_type, is_active, user_group) VALUES (582, 'Carolin', 'Casale', 'ccasaleg5@state.tx.us', 'test', '1994-03-04', 'Admin', NULL, NULL);
INSERT INTO student_incentive_plan."user" (id, first_name, last_name, email, password, date_of_birth, user_type, is_active, user_group) VALUES (583, 'Luisa', 'Proske', 'lproskeg6@stumbleupon.com', 'test', '1992-09-05', 'Admin', NULL, NULL);
INSERT INTO student_incentive_plan."user" (id, first_name, last_name, email, password, date_of_birth, user_type, is_active, user_group) VALUES (584, 'Caria', 'Tromans', 'ctromansg7@alibaba.com', 'test', '2068-12-24', 'Admin', NULL, NULL);
INSERT INTO student_incentive_plan."user" (id, first_name, last_name, email, password, date_of_birth, user_type, is_active, user_group) VALUES (585, 'Kristos', 'Bottinelli', 'kbottinellig8@arizona.edu', 'test', '2033-01-11', 'Admin', NULL, NULL);
INSERT INTO student_incentive_plan."user" (id, first_name, last_name, email, password, date_of_birth, user_type, is_active, user_group) VALUES (586, 'Dylan', 'Kite', 'dkiteg9@webs.com', 'test', '2059-11-25', 'Admin', NULL, NULL);
INSERT INTO student_incentive_plan."user" (id, first_name, last_name, email, password, date_of_birth, user_type, is_active, user_group) VALUES (587, 'Imelda', 'McReedy', 'imcreedyga@japanpost.jp', 'test', '2054-12-10', 'Admin', NULL, NULL);
INSERT INTO student_incentive_plan."user" (id, first_name, last_name, email, password, date_of_birth, user_type, is_active, user_group) VALUES (588, 'Melicent', 'Czaja', 'mczajagb@imdb.com', 'test', '2064-11-06', 'Admin', NULL, NULL);
INSERT INTO student_incentive_plan."user" (id, first_name, last_name, email, password, date_of_birth, user_type, is_active, user_group) VALUES (589, 'Nathanial', 'McGlue', 'nmcgluegc@mashable.com', 'test', '2027-03-10', 'Admin', NULL, NULL);
INSERT INTO student_incentive_plan."user" (id, first_name, last_name, email, password, date_of_birth, user_type, is_active, user_group) VALUES (590, 'Gillan', 'Butson', 'gbutsongd@columbia.edu', 'test', '1972-10-06', 'Admin', NULL, NULL);
INSERT INTO student_incentive_plan."user" (id, first_name, last_name, email, password, date_of_birth, user_type, is_active, user_group) VALUES (591, 'Vallie', 'Neill', 'vneillge@telegraph.co.uk', 'test', '2002-07-29', 'Admin', NULL, NULL);
INSERT INTO student_incentive_plan."user" (id, first_name, last_name, email, password, date_of_birth, user_type, is_active, user_group) VALUES (592, 'Sidney', 'Phette', 'sphettegf@sciencedaily.com', 'test', '2042-12-04', 'Admin', NULL, NULL);
INSERT INTO student_incentive_plan."user" (id, first_name, last_name, email, password, date_of_birth, user_type, is_active, user_group) VALUES (593, 'Perkin', 'Benner', 'pbennergg@ted.com', 'test', '2003-07-14', 'Admin', NULL, NULL);
INSERT INTO student_incentive_plan."user" (id, first_name, last_name, email, password, date_of_birth, user_type, is_active, user_group) VALUES (594, 'Nollie', 'Gillbee', 'ngillbeegh@dropbox.com', 'test', '2020-02-28', 'Admin', NULL, NULL);
INSERT INTO student_incentive_plan."user" (id, first_name, last_name, email, password, date_of_birth, user_type, is_active, user_group) VALUES (595, 'Zarah', 'Eminson', 'zeminsongi@amazon.co.jp', 'test', '1991-04-02', 'Admin', NULL, NULL);
INSERT INTO student_incentive_plan."user" (id, first_name, last_name, email, password, date_of_birth, user_type, is_active, user_group) VALUES (596, 'Clarie', 'Jaxon', 'cjaxongj@quantcast.com', 'test', '2015-03-02', 'Admin', NULL, NULL);
INSERT INTO student_incentive_plan."user" (id, first_name, last_name, email, password, date_of_birth, user_type, is_active, user_group) VALUES (597, 'Carlos', 'Wison', 'cwisongk@theguardian.com', 'test', '2059-06-01', 'Admin', NULL, NULL);
INSERT INTO student_incentive_plan."user" (id, first_name, last_name, email, password, date_of_birth, user_type, is_active, user_group) VALUES (598, 'Wanids', 'Reddlesden', 'wreddlesdengl@google.fr', 'test', '2019-06-01', 'Admin', NULL, NULL);
INSERT INTO student_incentive_plan."user" (id, first_name, last_name, email, password, date_of_birth, user_type, is_active, user_group) VALUES (599, 'Renate', 'Beckford', 'rbeckfordgm@google.pl', 'test', '2017-10-19', 'Admin', NULL, NULL);
INSERT INTO student_incentive_plan."user" (id, first_name, last_name, email, password, date_of_birth, user_type, is_active, user_group) VALUES (600, 'Wallas', 'Glenn', 'wglenngn@myspace.com', 'test', '1998-02-11', 'Admin', NULL, NULL);
INSERT INTO student_incentive_plan."user" (id, first_name, last_name, email, password, date_of_birth, user_type, is_active, user_group) VALUES (601, 'Ceil', 'Haig', 'chaiggo@amazon.de', 'test', '1991-01-16', 'Admin', NULL, NULL);
INSERT INTO student_incentive_plan."user" (id, first_name, last_name, email, password, date_of_birth, user_type, is_active, user_group) VALUES (602, 'Adrea', 'Marten', 'amartengp@vinaora.com', 'test', '2002-01-15', 'Admin', NULL, NULL);
INSERT INTO student_incentive_plan."user" (id, first_name, last_name, email, password, date_of_birth, user_type, is_active, user_group) VALUES (603, 'Ethyl', 'Darwen', 'edarwengq@pen.io', 'test', '1986-06-13', 'Admin', NULL, NULL);
INSERT INTO student_incentive_plan."user" (id, first_name, last_name, email, password, date_of_birth, user_type, is_active, user_group) VALUES (604, 'Gilles', 'Buffy', 'gbuffygr@amazonaws.com', 'test', '2008-08-28', 'Admin', NULL, NULL);
INSERT INTO student_incentive_plan."user" (id, first_name, last_name, email, password, date_of_birth, user_type, is_active, user_group) VALUES (605, 'Giffy', 'Shellcross', 'gshellcrossgs@ycombinator.com', 'test', '1989-01-23', 'Admin', NULL, NULL);
INSERT INTO student_incentive_plan."user" (id, first_name, last_name, email, password, date_of_birth, user_type, is_active, user_group) VALUES (606, 'Bradford', 'Finley', 'bfinleygt@dailymail.co.uk', 'test', '2035-06-29', 'Admin', NULL, NULL);
INSERT INTO student_incentive_plan."user" (id, first_name, last_name, email, password, date_of_birth, user_type, is_active, user_group) VALUES (607, 'Pearce', 'Zorzetti', 'pzorzettigu@github.io', 'test', '2050-01-14', 'Admin', NULL, NULL);
INSERT INTO student_incentive_plan."user" (id, first_name, last_name, email, password, date_of_birth, user_type, is_active, user_group) VALUES (608, 'Ramsay', 'Flatte', 'rflattegv@biblegateway.com', 'test', '1990-06-04', 'Admin', NULL, NULL);
INSERT INTO student_incentive_plan."user" (id, first_name, last_name, email, password, date_of_birth, user_type, is_active, user_group) VALUES (609, 'Neron', 'Ortes', 'nortesgw@upenn.edu', 'test', '2009-02-11', 'Admin', NULL, NULL);
INSERT INTO student_incentive_plan."user" (id, first_name, last_name, email, password, date_of_birth, user_type, is_active, user_group) VALUES (610, 'Eleonore', 'Bartosik', 'ebartosikgx@thetimes.co.uk', 'test', '2027-11-28', 'Admin', NULL, NULL);
INSERT INTO student_incentive_plan."user" (id, first_name, last_name, email, password, date_of_birth, user_type, is_active, user_group) VALUES (611, 'Sara', 'L''Hommee', 'slhommeegy@e-recht24.de', 'test', '1983-12-22', 'Admin', NULL, NULL);
INSERT INTO student_incentive_plan."user" (id, first_name, last_name, email, password, date_of_birth, user_type, is_active, user_group) VALUES (612, 'Emmit', 'Harrill', 'eharrillgz@free.fr', 'test', '1996-04-19', 'Admin', NULL, NULL);
INSERT INTO student_incentive_plan."user" (id, first_name, last_name, email, password, date_of_birth, user_type, is_active, user_group) VALUES (613, 'Gibbie', 'Branchflower', 'gbranchflowerh0@auda.org.au', 'test', '2016-04-08', 'Admin', NULL, NULL);
INSERT INTO student_incentive_plan."user" (id, first_name, last_name, email, password, date_of_birth, user_type, is_active, user_group) VALUES (614, 'Sigfrid', 'Ralestone', 'sralestoneh1@elegantthemes.com', 'test', '1972-05-14', 'Admin', NULL, NULL);
INSERT INTO student_incentive_plan."user" (id, first_name, last_name, email, password, date_of_birth, user_type, is_active, user_group) VALUES (615, 'Devonna', 'Jickles', 'djicklesh2@sakura.ne.jp', 'test', '2021-03-07', 'Admin', NULL, NULL);
INSERT INTO student_incentive_plan."user" (id, first_name, last_name, email, password, date_of_birth, user_type, is_active, user_group) VALUES (616, 'Franklyn', 'Pautard', 'fpautardh3@nih.gov', 'test', '1999-10-18', 'Admin', NULL, NULL);
INSERT INTO student_incentive_plan."user" (id, first_name, last_name, email, password, date_of_birth, user_type, is_active, user_group) VALUES (617, 'Flossie', 'Sworder', 'fsworderh4@instagram.com', 'test', '2037-08-01', 'Admin', NULL, NULL);
INSERT INTO student_incentive_plan."user" (id, first_name, last_name, email, password, date_of_birth, user_type, is_active, user_group) VALUES (618, 'Dallas', 'Merry', 'dmerryh5@shareasale.com', 'test', '2025-10-20', 'Admin', NULL, NULL);
INSERT INTO student_incentive_plan."user" (id, first_name, last_name, email, password, date_of_birth, user_type, is_active, user_group) VALUES (619, 'Germayne', 'Collingham', 'gcollinghamh6@wsj.com', 'test', '2056-02-20', 'Admin', NULL, NULL);
INSERT INTO student_incentive_plan."user" (id, first_name, last_name, email, password, date_of_birth, user_type, is_active, user_group) VALUES (620, 'Falkner', 'Cornfield', 'fcornfieldh7@bandcamp.com', 'test', '2013-04-16', 'Admin', NULL, NULL);
INSERT INTO student_incentive_plan."user" (id, first_name, last_name, email, password, date_of_birth, user_type, is_active, user_group) VALUES (621, 'Daisie', 'Britcher', 'dbritcherh8@umn.edu', 'test', '1978-09-03', 'Admin', NULL, NULL);
INSERT INTO student_incentive_plan."user" (id, first_name, last_name, email, password, date_of_birth, user_type, is_active, user_group) VALUES (622, 'Riccardo', 'Grove', 'rgroveh9@networksolutions.com', 'test', '1994-09-29', 'Admin', NULL, NULL);
INSERT INTO student_incentive_plan."user" (id, first_name, last_name, email, password, date_of_birth, user_type, is_active, user_group) VALUES (623, 'Maximilian', 'Anthiftle', 'manthiftleha@google.de', 'test', '2047-01-09', 'Admin', NULL, NULL);
INSERT INTO student_incentive_plan."user" (id, first_name, last_name, email, password, date_of_birth, user_type, is_active, user_group) VALUES (624, 'Keefer', 'Aldren', 'kaldrenhb@rakuten.co.jp', 'test', '2003-01-18', 'Admin', NULL, NULL);
INSERT INTO student_incentive_plan."user" (id, first_name, last_name, email, password, date_of_birth, user_type, is_active, user_group) VALUES (625, 'Loleta', 'Kidner', 'lkidnerhc@prnewswire.com', 'test', '2029-01-27', 'Admin', NULL, NULL);
INSERT INTO student_incentive_plan."user" (id, first_name, last_name, email, password, date_of_birth, user_type, is_active, user_group) VALUES (626, 'Vanny', 'Geffen', 'vgeffenhd@amazon.co.uk', 'test', '2008-06-05', 'Admin', NULL, NULL);
INSERT INTO student_incentive_plan."user" (id, first_name, last_name, email, password, date_of_birth, user_type, is_active, user_group) VALUES (627, 'Cathe', 'Kees', 'ckeeshe@networksolutions.com', 'test', '2011-11-15', 'Admin', NULL, NULL);
INSERT INTO student_incentive_plan."user" (id, first_name, last_name, email, password, date_of_birth, user_type, is_active, user_group) VALUES (628, 'Ogdan', 'Stichel', 'ostichelhf@slideshare.net', 'test', '2033-11-29', 'Admin', NULL, NULL);
INSERT INTO student_incentive_plan."user" (id, first_name, last_name, email, password, date_of_birth, user_type, is_active, user_group) VALUES (629, 'Jordain', 'Basden', 'jbasdenhg@newsvine.com', 'test', '2013-03-17', 'Admin', NULL, NULL);
INSERT INTO student_incentive_plan."user" (id, first_name, last_name, email, password, date_of_birth, user_type, is_active, user_group) VALUES (630, 'Fancy', 'Forsbey', 'fforsbeyhh@phpbb.com', 'test', '2067-04-28', 'Admin', NULL, NULL);
INSERT INTO student_incentive_plan."user" (id, first_name, last_name, email, password, date_of_birth, user_type, is_active, user_group) VALUES (631, 'Fraser', 'Golthorpp', 'fgolthorpphi@dailymotion.com', 'test', '2019-11-14', 'Admin', NULL, NULL);
INSERT INTO student_incentive_plan."user" (id, first_name, last_name, email, password, date_of_birth, user_type, is_active, user_group) VALUES (632, 'Vitia', 'Triggel', 'vtriggelhj@soundcloud.com', 'test', '2014-02-23', 'Admin', NULL, NULL);
INSERT INTO student_incentive_plan."user" (id, first_name, last_name, email, password, date_of_birth, user_type, is_active, user_group) VALUES (633, 'Rebe', 'Othick', 'rothickhk@reuters.com', 'test', '2043-02-16', 'Admin', NULL, NULL);
INSERT INTO student_incentive_plan."user" (id, first_name, last_name, email, password, date_of_birth, user_type, is_active, user_group) VALUES (634, 'Hildegaard', 'Higgen', 'hhiggenhl@earthlink.net', 'test', '2046-02-07', 'Admin', NULL, NULL);
INSERT INTO student_incentive_plan."user" (id, first_name, last_name, email, password, date_of_birth, user_type, is_active, user_group) VALUES (635, 'Karel', 'Skae', 'kskaehm@usnews.com', 'test', '1988-03-28', 'Admin', NULL, NULL);
INSERT INTO student_incentive_plan."user" (id, first_name, last_name, email, password, date_of_birth, user_type, is_active, user_group) VALUES (636, 'Loni', 'Lydford', 'llydfordhn@upenn.edu', 'test', '2014-11-04', 'Admin', NULL, NULL);
INSERT INTO student_incentive_plan."user" (id, first_name, last_name, email, password, date_of_birth, user_type, is_active, user_group) VALUES (637, 'Quentin', 'Moutray Read', 'qmoutrayreadho@bigcartel.com', 'test', '2045-11-29', 'Admin', NULL, NULL);
INSERT INTO student_incentive_plan."user" (id, first_name, last_name, email, password, date_of_birth, user_type, is_active, user_group) VALUES (638, 'Tamera', 'Foye', 'tfoyehp@addthis.com', 'test', '2013-01-24', 'Admin', NULL, NULL);
INSERT INTO student_incentive_plan."user" (id, first_name, last_name, email, password, date_of_birth, user_type, is_active, user_group) VALUES (639, 'Seymour', 'Snedden', 'ssneddenhq@whitehouse.gov', 'test', '2020-10-30', 'Admin', NULL, NULL);
INSERT INTO student_incentive_plan."user" (id, first_name, last_name, email, password, date_of_birth, user_type, is_active, user_group) VALUES (640, 'Kellby', 'Coch', 'kcochhr@theguardian.com', 'test', '2063-05-16', 'Admin', NULL, NULL);
INSERT INTO student_incentive_plan."user" (id, first_name, last_name, email, password, date_of_birth, user_type, is_active, user_group) VALUES (641, 'Filia', 'Fuzzens', 'ffuzzenshs@ocn.ne.jp', 'test', '2023-07-07', 'Admin', NULL, NULL);
INSERT INTO student_incentive_plan."user" (id, first_name, last_name, email, password, date_of_birth, user_type, is_active, user_group) VALUES (642, 'Jeane', 'Mizzi', 'jmizziht@geocities.jp', 'test', '1980-02-22', 'Admin', NULL, NULL);
INSERT INTO student_incentive_plan."user" (id, first_name, last_name, email, password, date_of_birth, user_type, is_active, user_group) VALUES (643, 'Krissie', 'Wilkennson', 'kwilkennsonhu@gov.uk', 'test', '2013-04-18', 'Admin', NULL, NULL);
INSERT INTO student_incentive_plan."user" (id, first_name, last_name, email, password, date_of_birth, user_type, is_active, user_group) VALUES (644, 'Igor', 'MacMearty', 'imacmeartyhv@ow.ly', 'test', '1979-12-19', 'Admin', NULL, NULL);
INSERT INTO student_incentive_plan."user" (id, first_name, last_name, email, password, date_of_birth, user_type, is_active, user_group) VALUES (645, 'Greggory', 'Haslock(e)', 'ghaslockehw@washingtonpost.com', 'test', '2002-11-15', 'Admin', NULL, NULL);
INSERT INTO student_incentive_plan."user" (id, first_name, last_name, email, password, date_of_birth, user_type, is_active, user_group) VALUES (646, 'Monti', 'Advani', 'madvanihx@weather.com', 'test', '2011-08-05', 'Admin', NULL, NULL);
INSERT INTO student_incentive_plan."user" (id, first_name, last_name, email, password, date_of_birth, user_type, is_active, user_group) VALUES (647, 'Bogart', 'Stops', 'bstopshy@senate.gov', 'test', '2054-06-26', 'Admin', NULL, NULL);
INSERT INTO student_incentive_plan."user" (id, first_name, last_name, email, password, date_of_birth, user_type, is_active, user_group) VALUES (648, 'Sandro', 'Sweetnam', 'ssweetnamhz@blog.com', 'test', '2006-05-10', 'Admin', NULL, NULL);
INSERT INTO student_incentive_plan."user" (id, first_name, last_name, email, password, date_of_birth, user_type, is_active, user_group) VALUES (649, 'Angelique', 'Kirgan', 'akirgani0@harvard.edu', 'test', '2051-09-01', 'Admin', NULL, NULL);
INSERT INTO student_incentive_plan."user" (id, first_name, last_name, email, password, date_of_birth, user_type, is_active, user_group) VALUES (650, 'Darci', 'Woolbrook', 'dwoolbrooki1@gnu.org', 'test', '2025-08-07', 'Admin', NULL, NULL);
INSERT INTO student_incentive_plan."user" (id, first_name, last_name, email, password, date_of_birth, user_type, is_active, user_group) VALUES (651, 'Bo', 'Handrick', 'bhandricki2@google.es', 'test', '2048-10-03', 'Admin', NULL, NULL);
INSERT INTO student_incentive_plan."user" (id, first_name, last_name, email, password, date_of_birth, user_type, is_active, user_group) VALUES (652, 'Christophorus', 'Goodie', 'cgoodiei3@artisteer.com', 'test', '2017-01-08', 'Admin', NULL, NULL);
INSERT INTO student_incentive_plan."user" (id, first_name, last_name, email, password, date_of_birth, user_type, is_active, user_group) VALUES (653, 'Berta', 'Bwy', 'bbwyi4@marketwatch.com', 'test', '2045-12-30', 'Admin', NULL, NULL);
INSERT INTO student_incentive_plan."user" (id, first_name, last_name, email, password, date_of_birth, user_type, is_active, user_group) VALUES (654, 'Genni', 'Tregido', 'gtregidoi5@hostgator.com', 'test', '2004-05-16', 'Admin', NULL, NULL);
INSERT INTO student_incentive_plan."user" (id, first_name, last_name, email, password, date_of_birth, user_type, is_active, user_group) VALUES (655, 'Waldon', 'Tite', 'wtitei6@bloglines.com', 'test', '2020-08-22', 'Admin', NULL, NULL);
INSERT INTO student_incentive_plan."user" (id, first_name, last_name, email, password, date_of_birth, user_type, is_active, user_group) VALUES (656, 'Hagan', 'Van Velden', 'hvanveldeni7@amazon.co.jp', 'test', '2029-03-18', 'Admin', NULL, NULL);
INSERT INTO student_incentive_plan."user" (id, first_name, last_name, email, password, date_of_birth, user_type, is_active, user_group) VALUES (657, 'Reena', 'Daft', 'rdafti8@pinterest.com', 'test', '2042-02-05', 'Admin', NULL, NULL);
INSERT INTO student_incentive_plan."user" (id, first_name, last_name, email, password, date_of_birth, user_type, is_active, user_group) VALUES (658, 'Beverley', 'Bartoleyn', 'bbartoleyni9@hugedomains.com', 'test', '1992-02-28', 'Admin', NULL, NULL);
INSERT INTO student_incentive_plan."user" (id, first_name, last_name, email, password, date_of_birth, user_type, is_active, user_group) VALUES (659, 'Traver', 'Fuke', 'tfukeia@adobe.com', 'test', '1986-03-19', 'Admin', NULL, NULL);
INSERT INTO student_incentive_plan."user" (id, first_name, last_name, email, password, date_of_birth, user_type, is_active, user_group) VALUES (660, 'Missy', 'Pecha', 'mpechaib@unesco.org', 'test', '2008-12-01', 'Admin', NULL, NULL);
INSERT INTO student_incentive_plan."user" (id, first_name, last_name, email, password, date_of_birth, user_type, is_active, user_group) VALUES (661, 'Rayshell', 'Pawling', 'rpawlingic@home.pl', 'test', '1996-10-11', 'Admin', NULL, NULL);
INSERT INTO student_incentive_plan."user" (id, first_name, last_name, email, password, date_of_birth, user_type, is_active, user_group) VALUES (662, 'Amil', 'Diggell', 'adiggellid@toplist.cz', 'test', '2025-04-08', 'Admin', NULL, NULL);
INSERT INTO student_incentive_plan."user" (id, first_name, last_name, email, password, date_of_birth, user_type, is_active, user_group) VALUES (663, 'Matthieu', 'Mewe', 'mmeweie@irs.gov', 'test', '2012-07-08', 'Admin', NULL, NULL);
INSERT INTO student_incentive_plan."user" (id, first_name, last_name, email, password, date_of_birth, user_type, is_active, user_group) VALUES (664, 'Marc', 'Porcher', 'mporcherif@stumbleupon.com', 'test', '2039-01-18', 'Admin', NULL, NULL);
INSERT INTO student_incentive_plan."user" (id, first_name, last_name, email, password, date_of_birth, user_type, is_active, user_group) VALUES (665, 'Mattie', 'Sanchiz', 'msanchizig@360.cn', 'test', '2048-12-23', 'Admin', NULL, NULL);
INSERT INTO student_incentive_plan."user" (id, first_name, last_name, email, password, date_of_birth, user_type, is_active, user_group) VALUES (666, 'Cammy', 'Casterton', 'ccastertonih@globo.com', 'test', '2019-01-16', 'Admin', NULL, NULL);
INSERT INTO student_incentive_plan."user" (id, first_name, last_name, email, password, date_of_birth, user_type, is_active, user_group) VALUES (667, 'Jim', 'Irlam', 'jirlamii@biglobe.ne.jp', 'test', '1983-05-12', 'Admin', NULL, NULL);
INSERT INTO student_incentive_plan."user" (id, first_name, last_name, email, password, date_of_birth, user_type, is_active, user_group) VALUES (668, 'Tiff', 'Lineham', 'tlinehamij@dyndns.org', 'test', '1972-02-22', 'Admin', NULL, NULL);
INSERT INTO student_incentive_plan."user" (id, first_name, last_name, email, password, date_of_birth, user_type, is_active, user_group) VALUES (669, 'Ericha', 'Rizzardi', 'erizzardiik@redcross.org', 'test', '2038-12-19', 'Admin', NULL, NULL);
INSERT INTO student_incentive_plan."user" (id, first_name, last_name, email, password, date_of_birth, user_type, is_active, user_group) VALUES (670, 'Annabelle', 'Athelstan', 'aathelstanil@stumbleupon.com', 'test', '2030-12-02', 'Admin', NULL, NULL);
INSERT INTO student_incentive_plan."user" (id, first_name, last_name, email, password, date_of_birth, user_type, is_active, user_group) VALUES (671, 'Jacquelynn', 'Fremantle', 'jfremantleim@stumbleupon.com', 'test', '2014-10-24', 'Admin', NULL, NULL);
INSERT INTO student_incentive_plan."user" (id, first_name, last_name, email, password, date_of_birth, user_type, is_active, user_group) VALUES (672, 'Mareah', 'Hovy', 'mhovyin@imageshack.us', 'test', '1994-03-07', 'Admin', NULL, NULL);
INSERT INTO student_incentive_plan."user" (id, first_name, last_name, email, password, date_of_birth, user_type, is_active, user_group) VALUES (673, 'Alleyn', 'Templman', 'atemplmanio@twitter.com', 'test', '2016-11-07', 'Admin', NULL, NULL);
INSERT INTO student_incentive_plan."user" (id, first_name, last_name, email, password, date_of_birth, user_type, is_active, user_group) VALUES (674, 'Jsandye', 'Plak', 'jplakip@flickr.com', 'test', '2019-10-18', 'Admin', NULL, NULL);
INSERT INTO student_incentive_plan."user" (id, first_name, last_name, email, password, date_of_birth, user_type, is_active, user_group) VALUES (675, 'Delphine', 'Josefsohn', 'djosefsohniq@cnbc.com', 'test', '2050-08-16', 'Admin', NULL, NULL);
INSERT INTO student_incentive_plan."user" (id, first_name, last_name, email, password, date_of_birth, user_type, is_active, user_group) VALUES (676, 'Claudetta', 'Middlemist', 'cmiddlemistir@hugedomains.com', 'test', '2000-02-18', 'Admin', NULL, NULL);
INSERT INTO student_incentive_plan."user" (id, first_name, last_name, email, password, date_of_birth, user_type, is_active, user_group) VALUES (677, 'Marrilee', 'Pundy', 'mpundyis@prlog.org', 'test', '1974-09-28', 'Admin', NULL, NULL);
INSERT INTO student_incentive_plan."user" (id, first_name, last_name, email, password, date_of_birth, user_type, is_active, user_group) VALUES (678, 'Ashlen', 'Byrd', 'abyrdit@auda.org.au', 'test', '2049-01-12', 'Admin', NULL, NULL);
INSERT INTO student_incentive_plan."user" (id, first_name, last_name, email, password, date_of_birth, user_type, is_active, user_group) VALUES (679, 'Stearn', 'Arkell', 'sarkelliu@newsvine.com', 'test', '2069-09-12', 'Admin', NULL, NULL);
INSERT INTO student_incentive_plan."user" (id, first_name, last_name, email, password, date_of_birth, user_type, is_active, user_group) VALUES (680, 'Jud', 'Wilhelmy', 'jwilhelmyiv@imdb.com', 'test', '2033-03-23', 'Admin', NULL, NULL);
INSERT INTO student_incentive_plan."user" (id, first_name, last_name, email, password, date_of_birth, user_type, is_active, user_group) VALUES (681, 'Obie', 'Ropcke', 'oropckeiw@pbs.org', 'test', '2018-10-16', 'Admin', NULL, NULL);
INSERT INTO student_incentive_plan."user" (id, first_name, last_name, email, password, date_of_birth, user_type, is_active, user_group) VALUES (682, 'Howie', 'Omrod', 'homrodix@fda.gov', 'test', '1980-03-08', 'Admin', NULL, NULL);
INSERT INTO student_incentive_plan."user" (id, first_name, last_name, email, password, date_of_birth, user_type, is_active, user_group) VALUES (683, 'Maryl', 'Shackell', 'mshackelliy@g.co', 'test', '2026-06-26', 'Admin', NULL, NULL);
INSERT INTO student_incentive_plan."user" (id, first_name, last_name, email, password, date_of_birth, user_type, is_active, user_group) VALUES (684, 'Aluin', 'Gooday', 'agoodayiz@sohu.com', 'test', '2064-09-17', 'Admin', NULL, NULL);
INSERT INTO student_incentive_plan."user" (id, first_name, last_name, email, password, date_of_birth, user_type, is_active, user_group) VALUES (685, 'Fiann', 'Brandts', 'fbrandtsj0@blinklist.com', 'test', '2056-07-03', 'Admin', NULL, NULL);
INSERT INTO student_incentive_plan."user" (id, first_name, last_name, email, password, date_of_birth, user_type, is_active, user_group) VALUES (686, 'Roland', 'McAreavey', 'rmcareaveyj1@purevolume.com', 'test', '2056-09-28', 'Admin', NULL, NULL);
INSERT INTO student_incentive_plan."user" (id, first_name, last_name, email, password, date_of_birth, user_type, is_active, user_group) VALUES (687, 'Andy', 'Buxton', 'abuxtonj2@weather.com', 'test', '2042-08-06', 'Admin', NULL, NULL);
INSERT INTO student_incentive_plan."user" (id, first_name, last_name, email, password, date_of_birth, user_type, is_active, user_group) VALUES (688, 'Annelise', 'Raimbauld', 'araimbauldj3@storify.com', 'test', '2042-09-09', 'Admin', NULL, NULL);
INSERT INTO student_incentive_plan."user" (id, first_name, last_name, email, password, date_of_birth, user_type, is_active, user_group) VALUES (689, 'Robby', 'Vannuccini', 'rvannuccinij4@harvard.edu', 'test', '1975-07-31', 'Admin', NULL, NULL);
INSERT INTO student_incentive_plan."user" (id, first_name, last_name, email, password, date_of_birth, user_type, is_active, user_group) VALUES (690, 'Kristyn', 'Pentland', 'kpentlandj5@mtv.com', 'test', '2002-12-09', 'Admin', NULL, NULL);
INSERT INTO student_incentive_plan."user" (id, first_name, last_name, email, password, date_of_birth, user_type, is_active, user_group) VALUES (691, 'Albina', 'Wall', 'awallj6@java.com', 'test', '2023-05-04', 'Admin', NULL, NULL);
INSERT INTO student_incentive_plan."user" (id, first_name, last_name, email, password, date_of_birth, user_type, is_active, user_group) VALUES (692, 'Darwin', 'Chyuerton', 'dchyuertonj7@facebook.com', 'test', '2016-02-14', 'Admin', NULL, NULL);
INSERT INTO student_incentive_plan."user" (id, first_name, last_name, email, password, date_of_birth, user_type, is_active, user_group) VALUES (693, 'Dredi', 'Headech', 'dheadechj8@hc360.com', 'test', '1972-12-26', 'Admin', NULL, NULL);
INSERT INTO student_incentive_plan."user" (id, first_name, last_name, email, password, date_of_birth, user_type, is_active, user_group) VALUES (694, 'Francois', 'Stickles', 'fsticklesj9@canalblog.com', 'test', '1978-08-08', 'Admin', NULL, NULL);
INSERT INTO student_incentive_plan."user" (id, first_name, last_name, email, password, date_of_birth, user_type, is_active, user_group) VALUES (695, 'Aloisia', 'Shepley', 'ashepleyja@tamu.edu', 'test', '1998-05-03', 'Admin', NULL, NULL);
INSERT INTO student_incentive_plan."user" (id, first_name, last_name, email, password, date_of_birth, user_type, is_active, user_group) VALUES (696, 'Carr', 'Rable', 'crablejb@wsj.com', 'test', '2002-08-13', 'Admin', NULL, NULL);
INSERT INTO student_incentive_plan."user" (id, first_name, last_name, email, password, date_of_birth, user_type, is_active, user_group) VALUES (697, 'Walsh', 'Petrashkov', 'wpetrashkovjc@tumblr.com', 'test', '2035-07-21', 'Admin', NULL, NULL);
INSERT INTO student_incentive_plan."user" (id, first_name, last_name, email, password, date_of_birth, user_type, is_active, user_group) VALUES (698, 'Grant', 'Baistow', 'gbaistowjd@weather.com', 'test', '2018-11-08', 'Admin', NULL, NULL);
INSERT INTO student_incentive_plan."user" (id, first_name, last_name, email, password, date_of_birth, user_type, is_active, user_group) VALUES (699, 'Karel', 'Hambric', 'khambricje@latimes.com', 'test', '2014-10-05', 'Admin', NULL, NULL);
INSERT INTO student_incentive_plan."user" (id, first_name, last_name, email, password, date_of_birth, user_type, is_active, user_group) VALUES (700, 'Nicolea', 'Fearnyough', 'nfearnyoughjf@irs.gov', 'test', '1986-11-22', 'Admin', NULL, NULL);
INSERT INTO student_incentive_plan."user" (id, first_name, last_name, email, password, date_of_birth, user_type, is_active, user_group) VALUES (701, 'Odilia', 'Bernardinelli', 'obernardinellijg@mayoclinic.com', 'test', '2017-05-08', 'Admin', NULL, NULL);
INSERT INTO student_incentive_plan."user" (id, first_name, last_name, email, password, date_of_birth, user_type, is_active, user_group) VALUES (702, 'Moss', 'Bescoby', 'mbescobyjh@github.com', 'test', '1997-04-24', 'Admin', NULL, NULL);
INSERT INTO student_incentive_plan."user" (id, first_name, last_name, email, password, date_of_birth, user_type, is_active, user_group) VALUES (703, 'Beverly', 'Kewzick', 'bkewzickji@flavors.me', 'test', '1973-06-12', 'Admin', NULL, NULL);
INSERT INTO student_incentive_plan."user" (id, first_name, last_name, email, password, date_of_birth, user_type, is_active, user_group) VALUES (704, 'Felicia', 'Habden', 'fhabdenjj@sakura.ne.jp', 'test', '1973-09-18', 'Admin', NULL, NULL);
INSERT INTO student_incentive_plan."user" (id, first_name, last_name, email, password, date_of_birth, user_type, is_active, user_group) VALUES (705, 'Iorgo', 'Izaac', 'iizaacjk@nasa.gov', 'test', '2019-01-11', 'Admin', NULL, NULL);
INSERT INTO student_incentive_plan."user" (id, first_name, last_name, email, password, date_of_birth, user_type, is_active, user_group) VALUES (706, 'Rawley', 'Cullip', 'rcullipjl@skype.com', 'test', '2028-06-03', 'Admin', NULL, NULL);
INSERT INTO student_incentive_plan."user" (id, first_name, last_name, email, password, date_of_birth, user_type, is_active, user_group) VALUES (707, 'Claudio', 'Sharpless', 'csharplessjm@shutterfly.com', 'test', '2010-04-16', 'Admin', NULL, NULL);
INSERT INTO student_incentive_plan."user" (id, first_name, last_name, email, password, date_of_birth, user_type, is_active, user_group) VALUES (708, 'Zelda', 'Schukert', 'zschukertjn@statcounter.com', 'test', '2009-11-15', 'Admin', NULL, NULL);
INSERT INTO student_incentive_plan."user" (id, first_name, last_name, email, password, date_of_birth, user_type, is_active, user_group) VALUES (709, 'Electra', 'Dines', 'edinesjo@wordpress.org', 'test', '2011-02-27', 'Admin', NULL, NULL);
INSERT INTO student_incentive_plan."user" (id, first_name, last_name, email, password, date_of_birth, user_type, is_active, user_group) VALUES (710, 'Douglass', 'Reilly', 'dreillyjp@google.pl', 'test', '2000-04-17', 'Admin', NULL, NULL);
INSERT INTO student_incentive_plan."user" (id, first_name, last_name, email, password, date_of_birth, user_type, is_active, user_group) VALUES (711, 'Robinett', 'Scroyton', 'rscroytonjq@scientificamerican.com', 'test', '2010-09-19', 'Admin', NULL, NULL);
INSERT INTO student_incentive_plan."user" (id, first_name, last_name, email, password, date_of_birth, user_type, is_active, user_group) VALUES (712, 'Abigale', 'Draycott', 'adraycottjr@hao123.com', 'test', '2023-05-16', 'Admin', NULL, NULL);
INSERT INTO student_incentive_plan."user" (id, first_name, last_name, email, password, date_of_birth, user_type, is_active, user_group) VALUES (713, 'Kellia', 'Varrow', 'kvarrowjs@hatena.ne.jp', 'test', '2041-04-18', 'Admin', NULL, NULL);
INSERT INTO student_incentive_plan."user" (id, first_name, last_name, email, password, date_of_birth, user_type, is_active, user_group) VALUES (714, 'Traci', 'Dobkin', 'tdobkinjt@pbs.org', 'test', '1988-11-20', 'Admin', NULL, NULL);
INSERT INTO student_incentive_plan."user" (id, first_name, last_name, email, password, date_of_birth, user_type, is_active, user_group) VALUES (715, 'Jocelyn', 'Baxster', 'jbaxsterju@topsy.com', 'test', '1996-09-09', 'Admin', NULL, NULL);
INSERT INTO student_incentive_plan."user" (id, first_name, last_name, email, password, date_of_birth, user_type, is_active, user_group) VALUES (716, 'Ingeborg', 'Easson', 'ieassonjv@ucsd.edu', 'test', '1986-10-06', 'Admin', NULL, NULL);
INSERT INTO student_incentive_plan."user" (id, first_name, last_name, email, password, date_of_birth, user_type, is_active, user_group) VALUES (717, 'Emalia', 'Gutowska', 'egutowskajw@theatlantic.com', 'test', '1979-06-18', 'Admin', NULL, NULL);
INSERT INTO student_incentive_plan."user" (id, first_name, last_name, email, password, date_of_birth, user_type, is_active, user_group) VALUES (718, 'Ricard', 'Hadrill', 'rhadrilljx@xrea.com', 'test', '2042-10-12', 'Admin', NULL, NULL);
INSERT INTO student_incentive_plan."user" (id, first_name, last_name, email, password, date_of_birth, user_type, is_active, user_group) VALUES (719, 'Marietta', 'Fahy', 'mfahyjy@posterous.com', 'test', '2039-10-17', 'Admin', NULL, NULL);
INSERT INTO student_incentive_plan."user" (id, first_name, last_name, email, password, date_of_birth, user_type, is_active, user_group) VALUES (720, 'Nickie', 'Wasson', 'nwassonjz@imdb.com', 'test', '1998-05-03', 'Admin', NULL, NULL);
INSERT INTO student_incentive_plan."user" (id, first_name, last_name, email, password, date_of_birth, user_type, is_active, user_group) VALUES (721, 'Ruben', 'Dowderswell', 'rdowderswellk0@indiegogo.com', 'test', '2041-10-28', 'Admin', NULL, NULL);
INSERT INTO student_incentive_plan."user" (id, first_name, last_name, email, password, date_of_birth, user_type, is_active, user_group) VALUES (722, 'Fredi', 'Piegrome', 'fpiegromek1@ted.com', 'test', '1975-12-10', 'Admin', NULL, NULL);
INSERT INTO student_incentive_plan."user" (id, first_name, last_name, email, password, date_of_birth, user_type, is_active, user_group) VALUES (723, 'Kelcey', 'Scranny', 'kscrannyk2@wikispaces.com', 'test', '2005-06-10', 'Admin', NULL, NULL);
INSERT INTO student_incentive_plan."user" (id, first_name, last_name, email, password, date_of_birth, user_type, is_active, user_group) VALUES (724, 'Lucila', 'Maddaford', 'lmaddafordk3@imgur.com', 'test', '2005-09-22', 'Admin', NULL, NULL);
INSERT INTO student_incentive_plan."user" (id, first_name, last_name, email, password, date_of_birth, user_type, is_active, user_group) VALUES (725, 'Cori', 'Knightsbridge', 'cknightsbridgek4@nsw.gov.au', 'test', '2023-08-13', 'Admin', NULL, NULL);
INSERT INTO student_incentive_plan."user" (id, first_name, last_name, email, password, date_of_birth, user_type, is_active, user_group) VALUES (726, 'Jackson', 'Lovelock', 'jlovelockk5@springer.com', 'test', '2017-11-25', 'Admin', NULL, NULL);
INSERT INTO student_incentive_plan."user" (id, first_name, last_name, email, password, date_of_birth, user_type, is_active, user_group) VALUES (727, 'Zak', 'Hornig', 'zhornigk6@psu.edu', 'test', '2011-10-31', 'Admin', NULL, NULL);
INSERT INTO student_incentive_plan."user" (id, first_name, last_name, email, password, date_of_birth, user_type, is_active, user_group) VALUES (728, 'Rolf', 'Skyppe', 'rskyppek7@wikispaces.com', 'test', '2008-11-25', 'Admin', NULL, NULL);
INSERT INTO student_incentive_plan."user" (id, first_name, last_name, email, password, date_of_birth, user_type, is_active, user_group) VALUES (729, 'Rab', 'Smorthwaite', 'rsmorthwaitek8@constantcontact.com', 'test', '2019-08-16', 'Admin', NULL, NULL);
INSERT INTO student_incentive_plan."user" (id, first_name, last_name, email, password, date_of_birth, user_type, is_active, user_group) VALUES (730, 'Marlane', 'Shanahan', 'mshanahank9@uiuc.edu', 'test', '1990-08-04', 'Admin', NULL, NULL);
INSERT INTO student_incentive_plan."user" (id, first_name, last_name, email, password, date_of_birth, user_type, is_active, user_group) VALUES (731, 'Gussy', 'Breen', 'gbreenka@examiner.com', 'test', '2001-05-15', 'Admin', NULL, NULL);
INSERT INTO student_incentive_plan."user" (id, first_name, last_name, email, password, date_of_birth, user_type, is_active, user_group) VALUES (732, 'Burnaby', 'Gofford', 'bgoffordkb@alexa.com', 'test', '2010-02-02', 'Admin', NULL, NULL);
INSERT INTO student_incentive_plan."user" (id, first_name, last_name, email, password, date_of_birth, user_type, is_active, user_group) VALUES (733, 'Alysia', 'Greenside', 'agreensidekc@yellowpages.com', 'test', '1991-05-15', 'Admin', NULL, NULL);
INSERT INTO student_incentive_plan."user" (id, first_name, last_name, email, password, date_of_birth, user_type, is_active, user_group) VALUES (734, 'Lorna', 'Shorrock', 'lshorrockkd@weather.com', 'test', '1970-12-12', 'Admin', NULL, NULL);
INSERT INTO student_incentive_plan."user" (id, first_name, last_name, email, password, date_of_birth, user_type, is_active, user_group) VALUES (735, 'Sean', 'Orviss', 'sorvisske@qq.com', 'test', '2029-03-31', 'Admin', NULL, NULL);
INSERT INTO student_incentive_plan."user" (id, first_name, last_name, email, password, date_of_birth, user_type, is_active, user_group) VALUES (736, 'Dewey', 'Guisot', 'dguisotkf@salon.com', 'test', '1973-09-28', 'Admin', NULL, NULL);
INSERT INTO student_incentive_plan."user" (id, first_name, last_name, email, password, date_of_birth, user_type, is_active, user_group) VALUES (737, 'Cordi', 'Browse', 'cbrowsekg@wikipedia.org', 'test', '1979-05-23', 'Admin', NULL, NULL);
INSERT INTO student_incentive_plan."user" (id, first_name, last_name, email, password, date_of_birth, user_type, is_active, user_group) VALUES (738, 'Fair', 'MacDwyer', 'fmacdwyerkh@cnet.com', 'test', '1996-05-15', 'Admin', NULL, NULL);
INSERT INTO student_incentive_plan."user" (id, first_name, last_name, email, password, date_of_birth, user_type, is_active, user_group) VALUES (739, 'Vaughan', 'Helix', 'vhelixki@twitter.com', 'test', '2011-10-20', 'Admin', NULL, NULL);
INSERT INTO student_incentive_plan."user" (id, first_name, last_name, email, password, date_of_birth, user_type, is_active, user_group) VALUES (740, 'Nixie', 'Beamson', 'nbeamsonkj@sourceforge.net', 'test', '2030-08-03', 'Admin', NULL, NULL);
INSERT INTO student_incentive_plan."user" (id, first_name, last_name, email, password, date_of_birth, user_type, is_active, user_group) VALUES (741, 'Toby', 'Pellamonuten', 'tpellamonutenkk@tinypic.com', 'test', '2027-03-26', 'Admin', NULL, NULL);
INSERT INTO student_incentive_plan."user" (id, first_name, last_name, email, password, date_of_birth, user_type, is_active, user_group) VALUES (742, 'Osmund', 'Wagen', 'owagenkl@omniture.com', 'test', '2000-09-28', 'Admin', NULL, NULL);
INSERT INTO student_incentive_plan."user" (id, first_name, last_name, email, password, date_of_birth, user_type, is_active, user_group) VALUES (743, 'Tildy', 'Champkin', 'tchampkinkm@shop-pro.jp', 'test', '2069-05-16', 'Admin', NULL, NULL);
INSERT INTO student_incentive_plan."user" (id, first_name, last_name, email, password, date_of_birth, user_type, is_active, user_group) VALUES (744, 'Toddie', 'Cuniffe', 'tcuniffekn@mozilla.org', 'test', '2051-02-09', 'Admin', NULL, NULL);
INSERT INTO student_incentive_plan."user" (id, first_name, last_name, email, password, date_of_birth, user_type, is_active, user_group) VALUES (745, 'Clo', 'Jopson', 'cjopsonko@soup.io', 'test', '1982-08-08', 'Admin', NULL, NULL);
INSERT INTO student_incentive_plan."user" (id, first_name, last_name, email, password, date_of_birth, user_type, is_active, user_group) VALUES (746, 'Kleon', 'Cowans', 'kcowanskp@smh.com.au', 'test', '2025-07-20', 'Admin', NULL, NULL);
INSERT INTO student_incentive_plan."user" (id, first_name, last_name, email, password, date_of_birth, user_type, is_active, user_group) VALUES (747, 'Nicky', 'Shorrock', 'nshorrockkq@bloomberg.com', 'test', '1973-06-21', 'Admin', NULL, NULL);
INSERT INTO student_incentive_plan."user" (id, first_name, last_name, email, password, date_of_birth, user_type, is_active, user_group) VALUES (748, 'Knox', 'Bagguley', 'kbagguleykr@e-recht24.de', 'test', '2042-09-05', 'Admin', NULL, NULL);
INSERT INTO student_incentive_plan."user" (id, first_name, last_name, email, password, date_of_birth, user_type, is_active, user_group) VALUES (749, 'Annemarie', 'Di Dello', 'adidelloks@europa.eu', 'test', '1999-09-30', 'Admin', NULL, NULL);
INSERT INTO student_incentive_plan."user" (id, first_name, last_name, email, password, date_of_birth, user_type, is_active, user_group) VALUES (750, 'Dasha', 'MacNally', 'dmacnallykt@list-manage.com', 'test', '2067-04-03', 'Admin', NULL, NULL);
INSERT INTO student_incentive_plan."user" (id, first_name, last_name, email, password, date_of_birth, user_type, is_active, user_group) VALUES (751, 'Casar', 'Krug', 'ckrugku@goo.ne.jp', 'test', '2017-12-09', 'Admin', NULL, NULL);
INSERT INTO student_incentive_plan."user" (id, first_name, last_name, email, password, date_of_birth, user_type, is_active, user_group) VALUES (752, 'Rodd', 'Grigorey', 'rgrigoreykv@jugem.jp', 'test', '2048-10-01', 'Admin', NULL, NULL);
INSERT INTO student_incentive_plan."user" (id, first_name, last_name, email, password, date_of_birth, user_type, is_active, user_group) VALUES (753, 'Penni', 'Trowill', 'ptrowillkw@cnn.com', 'test', '2024-12-03', 'Admin', NULL, NULL);
INSERT INTO student_incentive_plan."user" (id, first_name, last_name, email, password, date_of_birth, user_type, is_active, user_group) VALUES (754, 'Cherin', 'Gildea', 'cgildeakx@sun.com', 'test', '1986-12-21', 'Admin', NULL, NULL);
INSERT INTO student_incentive_plan."user" (id, first_name, last_name, email, password, date_of_birth, user_type, is_active, user_group) VALUES (755, 'Neala', 'Ditchfield', 'nditchfieldky@jimdo.com', 'test', '2045-07-04', 'Admin', NULL, NULL);
INSERT INTO student_incentive_plan."user" (id, first_name, last_name, email, password, date_of_birth, user_type, is_active, user_group) VALUES (756, 'Kara', 'Iorizzi', 'kiorizzikz@deviantart.com', 'test', '2002-02-05', 'Admin', NULL, NULL);
INSERT INTO student_incentive_plan."user" (id, first_name, last_name, email, password, date_of_birth, user_type, is_active, user_group) VALUES (757, 'Deane', 'Catlette', 'dcatlettel0@ifeng.com', 'test', '2049-12-14', 'Admin', NULL, NULL);
INSERT INTO student_incentive_plan."user" (id, first_name, last_name, email, password, date_of_birth, user_type, is_active, user_group) VALUES (758, 'Baxy', 'Alexsandrev', 'balexsandrevl1@time.com', 'test', '1977-01-06', 'Admin', NULL, NULL);
INSERT INTO student_incentive_plan."user" (id, first_name, last_name, email, password, date_of_birth, user_type, is_active, user_group) VALUES (759, 'Tova', 'Joyes', 'tjoyesl2@gov.uk', 'test', '2061-06-20', 'Admin', NULL, NULL);
INSERT INTO student_incentive_plan."user" (id, first_name, last_name, email, password, date_of_birth, user_type, is_active, user_group) VALUES (760, 'Bartolemo', 'Boarleyson', 'bboarleysonl3@wufoo.com', 'test', '2000-03-19', 'Admin', NULL, NULL);
INSERT INTO student_incentive_plan."user" (id, first_name, last_name, email, password, date_of_birth, user_type, is_active, user_group) VALUES (761, 'Guglielmo', 'Mapston', 'gmapstonl4@cdc.gov', 'test', '2025-04-22', 'Admin', NULL, NULL);
INSERT INTO student_incentive_plan."user" (id, first_name, last_name, email, password, date_of_birth, user_type, is_active, user_group) VALUES (762, 'Howard', 'Beardmore', 'hbeardmorel5@cnbc.com', 'test', '2012-03-06', 'Admin', NULL, NULL);
INSERT INTO student_incentive_plan."user" (id, first_name, last_name, email, password, date_of_birth, user_type, is_active, user_group) VALUES (763, 'Bartlet', 'Delacourt', 'bdelacourtl6@xinhuanet.com', 'test', '2021-01-30', 'Admin', NULL, NULL);
INSERT INTO student_incentive_plan."user" (id, first_name, last_name, email, password, date_of_birth, user_type, is_active, user_group) VALUES (764, 'Allianora', 'Coundley', 'acoundleyl7@friendfeed.com', 'test', '2007-04-23', 'Admin', NULL, NULL);
INSERT INTO student_incentive_plan."user" (id, first_name, last_name, email, password, date_of_birth, user_type, is_active, user_group) VALUES (765, 'Lauryn', 'Pacquet', 'lpacquetl8@simplemachines.org', 'test', '1986-05-18', 'Admin', NULL, NULL);
INSERT INTO student_incentive_plan."user" (id, first_name, last_name, email, password, date_of_birth, user_type, is_active, user_group) VALUES (766, 'Matthiew', 'Benzie', 'mbenziel9@cargocollective.com', 'test', '2057-08-06', 'Admin', NULL, NULL);
INSERT INTO student_incentive_plan."user" (id, first_name, last_name, email, password, date_of_birth, user_type, is_active, user_group) VALUES (767, 'Mannie', 'Antoni', 'mantonila@nationalgeographic.com', 'test', '1971-04-25', 'Admin', NULL, NULL);
INSERT INTO student_incentive_plan."user" (id, first_name, last_name, email, password, date_of_birth, user_type, is_active, user_group) VALUES (768, 'Siouxie', 'Alps', 'salpslb@aol.com', 'test', '1994-11-13', 'Admin', NULL, NULL);
INSERT INTO student_incentive_plan."user" (id, first_name, last_name, email, password, date_of_birth, user_type, is_active, user_group) VALUES (769, 'Britney', 'Bumpus', 'bbumpuslc@printfriendly.com', 'test', '2016-05-11', 'Admin', NULL, NULL);
INSERT INTO student_incentive_plan."user" (id, first_name, last_name, email, password, date_of_birth, user_type, is_active, user_group) VALUES (770, 'Barbara-anne', 'Lemmers', 'blemmersld@usa.gov', 'test', '2066-05-14', 'Admin', NULL, NULL);
INSERT INTO student_incentive_plan."user" (id, first_name, last_name, email, password, date_of_birth, user_type, is_active, user_group) VALUES (771, 'Ciel', 'Bims', 'cbimsle@wired.com', 'test', '2034-10-12', 'Admin', NULL, NULL);
INSERT INTO student_incentive_plan."user" (id, first_name, last_name, email, password, date_of_birth, user_type, is_active, user_group) VALUES (772, 'Melesa', 'Jansik', 'mjansiklf@taobao.com', 'test', '2067-06-25', 'Admin', NULL, NULL);
INSERT INTO student_incentive_plan."user" (id, first_name, last_name, email, password, date_of_birth, user_type, is_active, user_group) VALUES (773, 'Travis', 'De Lacey', 'tdelaceylg@independent.co.uk', 'test', '2002-05-11', 'Admin', NULL, NULL);
INSERT INTO student_incentive_plan."user" (id, first_name, last_name, email, password, date_of_birth, user_type, is_active, user_group) VALUES (774, 'Llewellyn', 'Sharphurst', 'lsharphurstlh@weebly.com', 'test', '2046-11-28', 'Admin', NULL, NULL);
INSERT INTO student_incentive_plan."user" (id, first_name, last_name, email, password, date_of_birth, user_type, is_active, user_group) VALUES (775, 'Ralph', 'Gott', 'rgottli@geocities.jp', 'test', '1976-09-04', 'Admin', NULL, NULL);
INSERT INTO student_incentive_plan."user" (id, first_name, last_name, email, password, date_of_birth, user_type, is_active, user_group) VALUES (776, 'Urbano', 'Pietraszek', 'upietraszeklj@infoseek.co.jp', 'test', '2025-03-18', 'Admin', NULL, NULL);
INSERT INTO student_incentive_plan."user" (id, first_name, last_name, email, password, date_of_birth, user_type, is_active, user_group) VALUES (777, 'Allina', 'Pilling', 'apillinglk@last.fm', 'test', '1999-12-14', 'Admin', NULL, NULL);
INSERT INTO student_incentive_plan."user" (id, first_name, last_name, email, password, date_of_birth, user_type, is_active, user_group) VALUES (778, 'Renard', 'Field', 'rfieldll@opera.com', 'test', '2032-03-04', 'Admin', NULL, NULL);
INSERT INTO student_incentive_plan."user" (id, first_name, last_name, email, password, date_of_birth, user_type, is_active, user_group) VALUES (779, 'Washington', 'Bellany', 'wbellanylm@seesaa.net', 'test', '1975-05-20', 'Admin', NULL, NULL);
INSERT INTO student_incentive_plan."user" (id, first_name, last_name, email, password, date_of_birth, user_type, is_active, user_group) VALUES (780, 'Carlota', 'Haskell', 'chaskellln@acquirethisname.com', 'test', '1976-07-25', 'Admin', NULL, NULL);
INSERT INTO student_incentive_plan."user" (id, first_name, last_name, email, password, date_of_birth, user_type, is_active, user_group) VALUES (781, 'Basile', 'McElvine', 'bmcelvinelo@vkontakte.ru', 'test', '2009-02-19', 'Admin', NULL, NULL);
INSERT INTO student_incentive_plan."user" (id, first_name, last_name, email, password, date_of_birth, user_type, is_active, user_group) VALUES (782, 'Guy', 'Blaymires', 'gblaymireslp@statcounter.com', 'test', '2021-04-26', 'Admin', NULL, NULL);
INSERT INTO student_incentive_plan."user" (id, first_name, last_name, email, password, date_of_birth, user_type, is_active, user_group) VALUES (783, 'Maryjo', 'Pagin', 'mpaginlq@youku.com', 'test', '2016-07-21', 'Admin', NULL, NULL);
INSERT INTO student_incentive_plan."user" (id, first_name, last_name, email, password, date_of_birth, user_type, is_active, user_group) VALUES (784, 'Kerry', 'Kevane', 'kkevanelr@newyorker.com', 'test', '2039-06-04', 'Admin', NULL, NULL);
INSERT INTO student_incentive_plan."user" (id, first_name, last_name, email, password, date_of_birth, user_type, is_active, user_group) VALUES (785, 'Elisha', 'Teodori', 'eteodorils@slideshare.net', 'test', '2058-11-10', 'Admin', NULL, NULL);
INSERT INTO student_incentive_plan."user" (id, first_name, last_name, email, password, date_of_birth, user_type, is_active, user_group) VALUES (786, 'Loleta', 'Glanvill', 'lglanvilllt@biblegateway.com', 'test', '2052-06-25', 'Admin', NULL, NULL);
INSERT INTO student_incentive_plan."user" (id, first_name, last_name, email, password, date_of_birth, user_type, is_active, user_group) VALUES (787, 'Kylen', 'Ballantyne', 'kballantynelu@hp.com', 'test', '2008-02-12', 'Admin', NULL, NULL);
INSERT INTO student_incentive_plan."user" (id, first_name, last_name, email, password, date_of_birth, user_type, is_active, user_group) VALUES (788, 'Sebastiano', 'Carlesi', 'scarlesilv@mayoclinic.com', 'test', '2048-03-29', 'Admin', NULL, NULL);
INSERT INTO student_incentive_plan."user" (id, first_name, last_name, email, password, date_of_birth, user_type, is_active, user_group) VALUES (789, 'Osbourn', 'Wyche', 'owychelw@reverbnation.com', 'test', '2007-12-16', 'Admin', NULL, NULL);
INSERT INTO student_incentive_plan."user" (id, first_name, last_name, email, password, date_of_birth, user_type, is_active, user_group) VALUES (790, 'Wally', 'Worsnap', 'wworsnaplx@marketwatch.com', 'test', '1977-03-31', 'Admin', NULL, NULL);
INSERT INTO student_incentive_plan."user" (id, first_name, last_name, email, password, date_of_birth, user_type, is_active, user_group) VALUES (792, 'Alanna', 'Durbyn', 'adurbynlz@va.gov', 'test', '2003-06-14', 'Admin', NULL, NULL);
INSERT INTO student_incentive_plan."user" (id, first_name, last_name, email, password, date_of_birth, user_type, is_active, user_group) VALUES (793, 'Florian', 'Brasner', 'fbrasnerm0@hubpages.com', 'test', '2013-08-19', 'Admin', NULL, NULL);
INSERT INTO student_incentive_plan."user" (id, first_name, last_name, email, password, date_of_birth, user_type, is_active, user_group) VALUES (794, 'Diana', 'Pareman', 'dparemanm1@sogou.com', 'test', '2011-01-03', 'Admin', NULL, NULL);
INSERT INTO student_incentive_plan."user" (id, first_name, last_name, email, password, date_of_birth, user_type, is_active, user_group) VALUES (795, 'Florance', 'Goodyear', 'fgoodyearm2@tripod.com', 'test', '1993-06-13', 'Admin', NULL, NULL);
INSERT INTO student_incentive_plan."user" (id, first_name, last_name, email, password, date_of_birth, user_type, is_active, user_group) VALUES (796, 'Elianora', 'De Micoli', 'edemicolim3@sogou.com', 'test', '2030-11-28', 'Admin', NULL, NULL);
INSERT INTO student_incentive_plan."user" (id, first_name, last_name, email, password, date_of_birth, user_type, is_active, user_group) VALUES (797, 'Halli', 'Climer', 'hclimerm4@over-blog.com', 'test', '2060-05-23', 'Admin', NULL, NULL);
INSERT INTO student_incentive_plan."user" (id, first_name, last_name, email, password, date_of_birth, user_type, is_active, user_group) VALUES (798, 'Jessica', 'Solman', 'jsolmanm5@newyorker.com', 'test', '2029-04-05', 'Admin', NULL, NULL);
INSERT INTO student_incentive_plan."user" (id, first_name, last_name, email, password, date_of_birth, user_type, is_active, user_group) VALUES (799, 'Francisca', 'Kinnerley', 'fkinnerleym6@va.gov', 'test', '2058-12-31', 'Admin', NULL, NULL);
INSERT INTO student_incentive_plan."user" (id, first_name, last_name, email, password, date_of_birth, user_type, is_active, user_group) VALUES (800, 'Cole', 'Sabban', 'csabbanm7@forbes.com', 'test', '2024-04-20', 'Admin', NULL, NULL);
INSERT INTO student_incentive_plan."user" (id, first_name, last_name, email, password, date_of_birth, user_type, is_active, user_group) VALUES (801, 'Sonnie', 'Carlyle', 'scarlylem8@macromedia.com', 'test', '2002-08-23', 'Admin', NULL, NULL);
INSERT INTO student_incentive_plan."user" (id, first_name, last_name, email, password, date_of_birth, user_type, is_active, user_group) VALUES (802, 'Doug', 'Ludwikiewicz', 'dludwikiewiczm9@toplist.cz', 'test', '1992-06-22', 'Admin', NULL, NULL);
INSERT INTO student_incentive_plan."user" (id, first_name, last_name, email, password, date_of_birth, user_type, is_active, user_group) VALUES (803, 'Legra', 'De Miranda', 'ldemirandama@rambler.ru', 'test', '1981-09-12', 'Admin', NULL, NULL);
INSERT INTO student_incentive_plan."user" (id, first_name, last_name, email, password, date_of_birth, user_type, is_active, user_group) VALUES (804, 'Arlena', 'Reddick', 'areddickmb@nasa.gov', 'test', '1989-06-27', 'Admin', NULL, NULL);
INSERT INTO student_incentive_plan."user" (id, first_name, last_name, email, password, date_of_birth, user_type, is_active, user_group) VALUES (805, 'Fransisco', 'Durbyn', 'fdurbynmc@sciencedirect.com', 'test', '2005-01-04', 'Admin', NULL, NULL);
INSERT INTO student_incentive_plan."user" (id, first_name, last_name, email, password, date_of_birth, user_type, is_active, user_group) VALUES (806, 'Sammy', 'Muncer', 'smuncermd@123-reg.co.uk', 'test', '2064-02-27', 'Admin', NULL, NULL);
INSERT INTO student_incentive_plan."user" (id, first_name, last_name, email, password, date_of_birth, user_type, is_active, user_group) VALUES (807, 'Kimmy', 'Walker', 'kwalkerme@amazonaws.com', 'test', '1997-06-03', 'Admin', NULL, NULL);
INSERT INTO student_incentive_plan."user" (id, first_name, last_name, email, password, date_of_birth, user_type, is_active, user_group) VALUES (808, 'Dredi', 'Baggiani', 'dbaggianimf@cnn.com', 'test', '2037-05-26', 'Admin', NULL, NULL);
INSERT INTO student_incentive_plan."user" (id, first_name, last_name, email, password, date_of_birth, user_type, is_active, user_group) VALUES (809, 'Joshia', 'Pavlik', 'jpavlikmg@google.com.br', 'test', '1996-09-27', 'Admin', NULL, NULL);
INSERT INTO student_incentive_plan."user" (id, first_name, last_name, email, password, date_of_birth, user_type, is_active, user_group) VALUES (810, 'Jeanelle', 'Ortell', 'jortellmh@apache.org', 'test', '2003-06-15', 'Admin', NULL, NULL);
INSERT INTO student_incentive_plan."user" (id, first_name, last_name, email, password, date_of_birth, user_type, is_active, user_group) VALUES (811, 'Wilie', 'Drewett', 'wdrewettmi@admin.ch', 'test', '2001-11-17', 'Admin', NULL, NULL);
INSERT INTO student_incentive_plan."user" (id, first_name, last_name, email, password, date_of_birth, user_type, is_active, user_group) VALUES (812, 'Herminia', 'Reidshaw', 'hreidshawmj@marriott.com', 'test', '2010-09-30', 'Admin', NULL, NULL);
INSERT INTO student_incentive_plan."user" (id, first_name, last_name, email, password, date_of_birth, user_type, is_active, user_group) VALUES (813, 'Sharia', 'Rolling', 'srollingmk@dropbox.com', 'test', '1992-05-11', 'Admin', NULL, NULL);
INSERT INTO student_incentive_plan."user" (id, first_name, last_name, email, password, date_of_birth, user_type, is_active, user_group) VALUES (814, 'Sophia', 'MacMenamie', 'smacmenamieml@cocolog-nifty.com', 'test', '2049-02-11', 'Admin', NULL, NULL);
INSERT INTO student_incentive_plan."user" (id, first_name, last_name, email, password, date_of_birth, user_type, is_active, user_group) VALUES (815, 'Lou', 'Shillabear', 'lshillabearmm@foxnews.com', 'test', '1974-08-13', 'Admin', NULL, NULL);
INSERT INTO student_incentive_plan."user" (id, first_name, last_name, email, password, date_of_birth, user_type, is_active, user_group) VALUES (816, 'Etty', 'Neat', 'eneatmn@cnet.com', 'test', '2020-12-19', 'Admin', NULL, NULL);
INSERT INTO student_incentive_plan."user" (id, first_name, last_name, email, password, date_of_birth, user_type, is_active, user_group) VALUES (817, 'Alaster', 'Wastall', 'awastallmo@bbc.co.uk', 'test', '2004-12-28', 'Admin', NULL, NULL);
INSERT INTO student_incentive_plan."user" (id, first_name, last_name, email, password, date_of_birth, user_type, is_active, user_group) VALUES (818, 'Amaleta', 'Maro', 'amaromp@nih.gov', 'test', '2036-01-11', 'Admin', NULL, NULL);
INSERT INTO student_incentive_plan."user" (id, first_name, last_name, email, password, date_of_birth, user_type, is_active, user_group) VALUES (819, 'Rebe', 'Humber', 'rhumbermq@ftc.gov', 'test', '2039-05-20', 'Admin', NULL, NULL);
INSERT INTO student_incentive_plan."user" (id, first_name, last_name, email, password, date_of_birth, user_type, is_active, user_group) VALUES (820, 'Abra', 'Amdohr', 'aamdohrmr@creativecommons.org', 'test', '2041-10-17', 'Admin', NULL, NULL);
INSERT INTO student_incentive_plan."user" (id, first_name, last_name, email, password, date_of_birth, user_type, is_active, user_group) VALUES (821, 'Olenolin', 'Greir', 'ogreirms@opensource.org', 'test', '1979-02-03', 'Admin', NULL, NULL);
INSERT INTO student_incentive_plan."user" (id, first_name, last_name, email, password, date_of_birth, user_type, is_active, user_group) VALUES (822, 'Chevalier', 'Headrick', 'cheadrickmt@bbc.co.uk', 'test', '2031-11-12', 'Admin', NULL, NULL);
INSERT INTO student_incentive_plan."user" (id, first_name, last_name, email, password, date_of_birth, user_type, is_active, user_group) VALUES (823, 'Hortense', 'Botten', 'hbottenmu@cbsnews.com', 'test', '2018-09-12', 'Admin', NULL, NULL);
INSERT INTO student_incentive_plan."user" (id, first_name, last_name, email, password, date_of_birth, user_type, is_active, user_group) VALUES (824, 'Erv', 'Zamboniari', 'ezamboniarimv@twitpic.com', 'test', '2036-07-22', 'Admin', NULL, NULL);
INSERT INTO student_incentive_plan."user" (id, first_name, last_name, email, password, date_of_birth, user_type, is_active, user_group) VALUES (825, 'Warde', 'Teml', 'wtemlmw@ihg.com', 'test', '2007-01-10', 'Admin', NULL, NULL);
INSERT INTO student_incentive_plan."user" (id, first_name, last_name, email, password, date_of_birth, user_type, is_active, user_group) VALUES (826, 'Alma', 'Curdell', 'acurdellmx@godaddy.com', 'test', '2037-12-27', 'Admin', NULL, NULL);
INSERT INTO student_incentive_plan."user" (id, first_name, last_name, email, password, date_of_birth, user_type, is_active, user_group) VALUES (827, 'Kaleena', 'Lentsch', 'klentschmy@hexun.com', 'test', '1993-09-18', 'Admin', NULL, NULL);
INSERT INTO student_incentive_plan."user" (id, first_name, last_name, email, password, date_of_birth, user_type, is_active, user_group) VALUES (828, 'Vivian', 'Juste', 'vjustemz@dedecms.com', 'test', '2005-08-15', 'Admin', NULL, NULL);
INSERT INTO student_incentive_plan."user" (id, first_name, last_name, email, password, date_of_birth, user_type, is_active, user_group) VALUES (829, 'Beckie', 'Gloucester', 'bgloucestern0@360.cn', 'test', '2023-02-24', 'Admin', NULL, NULL);
INSERT INTO student_incentive_plan."user" (id, first_name, last_name, email, password, date_of_birth, user_type, is_active, user_group) VALUES (830, 'Levin', 'Densumbe', 'ldensumben1@scribd.com', 'test', '1988-01-21', 'Admin', NULL, NULL);
INSERT INTO student_incentive_plan."user" (id, first_name, last_name, email, password, date_of_birth, user_type, is_active, user_group) VALUES (831, 'Husein', 'Jeannet', 'hjeannetn2@statcounter.com', 'test', '1974-03-03', 'Admin', NULL, NULL);
INSERT INTO student_incentive_plan."user" (id, first_name, last_name, email, password, date_of_birth, user_type, is_active, user_group) VALUES (832, 'Alessandro', 'Gonzalvo', 'agonzalvon3@posterous.com', 'test', '2018-12-13', 'Admin', NULL, NULL);
INSERT INTO student_incentive_plan."user" (id, first_name, last_name, email, password, date_of_birth, user_type, is_active, user_group) VALUES (833, 'Lorita', 'Whartonby', 'lwhartonbyn4@skyrock.com', 'test', '2009-08-03', 'Admin', NULL, NULL);
INSERT INTO student_incentive_plan."user" (id, first_name, last_name, email, password, date_of_birth, user_type, is_active, user_group) VALUES (834, 'Hakeem', 'Michel', 'hmicheln5@netvibes.com', 'test', '2000-12-16', 'Admin', NULL, NULL);
INSERT INTO student_incentive_plan."user" (id, first_name, last_name, email, password, date_of_birth, user_type, is_active, user_group) VALUES (835, 'Jenda', 'Bolesworth', 'jbolesworthn6@sourceforge.net', 'test', '2013-06-22', 'Admin', NULL, NULL);
INSERT INTO student_incentive_plan."user" (id, first_name, last_name, email, password, date_of_birth, user_type, is_active, user_group) VALUES (836, 'Edith', 'Zohrer', 'ezohrern7@mlb.com', 'test', '2003-06-19', 'Admin', NULL, NULL);
INSERT INTO student_incentive_plan."user" (id, first_name, last_name, email, password, date_of_birth, user_type, is_active, user_group) VALUES (837, 'Bentlee', 'Pawlik', 'bpawlikn8@surveymonkey.com', 'test', '1993-03-14', 'Admin', NULL, NULL);
INSERT INTO student_incentive_plan."user" (id, first_name, last_name, email, password, date_of_birth, user_type, is_active, user_group) VALUES (838, 'Friedrich', 'Billin', 'fbillinn9@1und1.de', 'test', '2010-02-25', 'Admin', NULL, NULL);
INSERT INTO student_incentive_plan."user" (id, first_name, last_name, email, password, date_of_birth, user_type, is_active, user_group) VALUES (839, 'Grantley', 'Kelby', 'gkelbyna@opensource.org', 'test', '2014-03-19', 'Admin', NULL, NULL);
INSERT INTO student_incentive_plan."user" (id, first_name, last_name, email, password, date_of_birth, user_type, is_active, user_group) VALUES (840, 'Derk', 'Golbourn', 'dgolbournnb@army.mil', 'test', '2025-10-17', 'Admin', NULL, NULL);
INSERT INTO student_incentive_plan."user" (id, first_name, last_name, email, password, date_of_birth, user_type, is_active, user_group) VALUES (841, 'Marley', 'Howcroft', 'mhowcroftnc@youtu.be', 'test', '2013-02-04', 'Admin', NULL, NULL);
INSERT INTO student_incentive_plan."user" (id, first_name, last_name, email, password, date_of_birth, user_type, is_active, user_group) VALUES (842, 'Pembroke', 'Oakman', 'poakmannd@newyorker.com', 'test', '1980-05-14', 'Admin', NULL, NULL);
INSERT INTO student_incentive_plan."user" (id, first_name, last_name, email, password, date_of_birth, user_type, is_active, user_group) VALUES (843, 'Arden', 'Chaddock', 'achaddockne@skype.com', 'test', '2066-02-25', 'Admin', NULL, NULL);
INSERT INTO student_incentive_plan."user" (id, first_name, last_name, email, password, date_of_birth, user_type, is_active, user_group) VALUES (844, 'Martina', 'Pedrick', 'mpedricknf@vimeo.com', 'test', '1990-10-01', 'Admin', NULL, NULL);
INSERT INTO student_incentive_plan."user" (id, first_name, last_name, email, password, date_of_birth, user_type, is_active, user_group) VALUES (845, 'Guss', 'Disdel', 'gdisdelng@dell.com', 'test', '2013-09-12', 'Admin', NULL, NULL);
INSERT INTO student_incentive_plan."user" (id, first_name, last_name, email, password, date_of_birth, user_type, is_active, user_group) VALUES (846, 'Myrtia', 'Goldspink', 'mgoldspinknh@reddit.com', 'test', '2024-02-20', 'Admin', NULL, NULL);
INSERT INTO student_incentive_plan."user" (id, first_name, last_name, email, password, date_of_birth, user_type, is_active, user_group) VALUES (847, 'Dasi', 'Wreath', 'dwreathni@google.it', 'test', '2014-07-23', 'Admin', NULL, NULL);
INSERT INTO student_incentive_plan."user" (id, first_name, last_name, email, password, date_of_birth, user_type, is_active, user_group) VALUES (848, 'Remus', 'Dugdale', 'rdugdalenj@amazon.co.jp', 'test', '2000-12-14', 'Admin', NULL, NULL);
INSERT INTO student_incentive_plan."user" (id, first_name, last_name, email, password, date_of_birth, user_type, is_active, user_group) VALUES (849, 'Iormina', 'Job', 'ijobnk@gov.uk', 'test', '2018-01-07', 'Admin', NULL, NULL);
INSERT INTO student_incentive_plan."user" (id, first_name, last_name, email, password, date_of_birth, user_type, is_active, user_group) VALUES (850, 'Lainey', 'Laurence', 'llaurencenl@netlog.com', 'test', '2004-09-14', 'Admin', NULL, NULL);
INSERT INTO student_incentive_plan."user" (id, first_name, last_name, email, password, date_of_birth, user_type, is_active, user_group) VALUES (851, 'Donielle', 'Shirrell', 'dshirrellnm@china.com.cn', 'test', '2032-04-22', 'Admin', NULL, NULL);
INSERT INTO student_incentive_plan."user" (id, first_name, last_name, email, password, date_of_birth, user_type, is_active, user_group) VALUES (852, 'Deina', 'Mitrovic', 'dmitrovicnn@parallels.com', 'test', '2063-01-05', 'Admin', NULL, NULL);
INSERT INTO student_incentive_plan."user" (id, first_name, last_name, email, password, date_of_birth, user_type, is_active, user_group) VALUES (853, 'Roslyn', 'Sebyer', 'rsebyerno@ustream.tv', 'test', '2030-11-11', 'Admin', NULL, NULL);
INSERT INTO student_incentive_plan."user" (id, first_name, last_name, email, password, date_of_birth, user_type, is_active, user_group) VALUES (854, 'Kurt', 'Watchorn', 'kwatchornnp@t-online.de', 'test', '2020-09-23', 'Admin', NULL, NULL);
INSERT INTO student_incentive_plan."user" (id, first_name, last_name, email, password, date_of_birth, user_type, is_active, user_group) VALUES (855, 'Ethelin', 'Boorer', 'eboorernq@ucsd.edu', 'test', '2005-08-08', 'Admin', NULL, NULL);
INSERT INTO student_incentive_plan."user" (id, first_name, last_name, email, password, date_of_birth, user_type, is_active, user_group) VALUES (856, 'Morgan', 'Kuhne', 'mkuhnenr@artisteer.com', 'test', '2010-12-22', 'Admin', NULL, NULL);
INSERT INTO student_incentive_plan."user" (id, first_name, last_name, email, password, date_of_birth, user_type, is_active, user_group) VALUES (857, 'Alane', 'Doghartie', 'adoghartiens@gravatar.com', 'test', '2013-03-01', 'Admin', NULL, NULL);
INSERT INTO student_incentive_plan."user" (id, first_name, last_name, email, password, date_of_birth, user_type, is_active, user_group) VALUES (858, 'Nealson', 'Bottlestone', 'nbottlestonent@exblog.jp', 'test', '2065-11-14', 'Admin', NULL, NULL);
INSERT INTO student_incentive_plan."user" (id, first_name, last_name, email, password, date_of_birth, user_type, is_active, user_group) VALUES (859, 'Randy', 'Frisby', 'rfrisbynu@w3.org', 'test', '2065-03-24', 'Admin', NULL, NULL);
INSERT INTO student_incentive_plan."user" (id, first_name, last_name, email, password, date_of_birth, user_type, is_active, user_group) VALUES (860, 'Zita', 'Passe', 'zpassenv@admin.ch', 'test', '2049-10-14', 'Admin', NULL, NULL);
INSERT INTO student_incentive_plan."user" (id, first_name, last_name, email, password, date_of_birth, user_type, is_active, user_group) VALUES (861, 'Ludovico', 'Twaite', 'ltwaitenw@cnet.com', 'test', '2067-03-25', 'Admin', NULL, NULL);
INSERT INTO student_incentive_plan."user" (id, first_name, last_name, email, password, date_of_birth, user_type, is_active, user_group) VALUES (862, 'Aristotle', 'O''Finan', 'aofinannx@photobucket.com', 'test', '2023-03-19', 'Admin', NULL, NULL);
INSERT INTO student_incentive_plan."user" (id, first_name, last_name, email, password, date_of_birth, user_type, is_active, user_group) VALUES (863, 'Yovonnda', 'Aumerle', 'yaumerleny@about.me', 'test', '2049-12-04', 'Admin', NULL, NULL);
INSERT INTO student_incentive_plan."user" (id, first_name, last_name, email, password, date_of_birth, user_type, is_active, user_group) VALUES (864, 'Garnet', 'Kenward', 'gkenwardnz@angelfire.com', 'test', '2026-09-16', 'Admin', NULL, NULL);
INSERT INTO student_incentive_plan."user" (id, first_name, last_name, email, password, date_of_birth, user_type, is_active, user_group) VALUES (865, 'Aretha', 'Benns', 'abennso0@bing.com', 'test', '2011-05-17', 'Admin', NULL, NULL);
INSERT INTO student_incentive_plan."user" (id, first_name, last_name, email, password, date_of_birth, user_type, is_active, user_group) VALUES (866, 'Jehanna', 'Vennard', 'jvennardo1@geocities.jp', 'test', '2007-12-17', 'Admin', NULL, NULL);
INSERT INTO student_incentive_plan."user" (id, first_name, last_name, email, password, date_of_birth, user_type, is_active, user_group) VALUES (867, 'Sibby', 'Fidelli', 'sfidellio2@list-manage.com', 'test', '2058-09-28', 'Admin', NULL, NULL);
INSERT INTO student_incentive_plan."user" (id, first_name, last_name, email, password, date_of_birth, user_type, is_active, user_group) VALUES (868, 'Clyve', 'Disbrow', 'cdisbrowo3@yandex.ru', 'test', '2046-05-13', 'Admin', NULL, NULL);
INSERT INTO student_incentive_plan."user" (id, first_name, last_name, email, password, date_of_birth, user_type, is_active, user_group) VALUES (869, 'Elena', 'Giovanitti', 'egiovanittio4@multiply.com', 'test', '2015-06-28', 'Admin', NULL, NULL);
INSERT INTO student_incentive_plan."user" (id, first_name, last_name, email, password, date_of_birth, user_type, is_active, user_group) VALUES (870, 'Marilee', 'Wooding', 'mwoodingo5@economist.com', 'test', '2010-06-29', 'Admin', NULL, NULL);
INSERT INTO student_incentive_plan."user" (id, first_name, last_name, email, password, date_of_birth, user_type, is_active, user_group) VALUES (871, 'Lisetta', 'Davoren', 'ldavoreno6@whitehouse.gov', 'test', '2006-09-24', 'Admin', NULL, NULL);
INSERT INTO student_incentive_plan."user" (id, first_name, last_name, email, password, date_of_birth, user_type, is_active, user_group) VALUES (872, 'Camila', 'Lum', 'clumo7@ox.ac.uk', 'test', '2039-01-04', 'Admin', NULL, NULL);
INSERT INTO student_incentive_plan."user" (id, first_name, last_name, email, password, date_of_birth, user_type, is_active, user_group) VALUES (873, 'Vitoria', 'Biner', 'vbinero8@dmoz.org', 'test', '2012-09-16', 'Admin', NULL, NULL);
INSERT INTO student_incentive_plan."user" (id, first_name, last_name, email, password, date_of_birth, user_type, is_active, user_group) VALUES (874, 'Nicolis', 'Sparham', 'nsparhamo9@reddit.com', 'test', '2034-08-16', 'Admin', NULL, NULL);
INSERT INTO student_incentive_plan."user" (id, first_name, last_name, email, password, date_of_birth, user_type, is_active, user_group) VALUES (875, 'Umeko', 'Rospars', 'urosparsoa@globo.com', 'test', '1974-10-04', 'Admin', NULL, NULL);
INSERT INTO student_incentive_plan."user" (id, first_name, last_name, email, password, date_of_birth, user_type, is_active, user_group) VALUES (876, 'Warner', 'Allkins', 'wallkinsob@diigo.com', 'test', '2020-02-19', 'Admin', NULL, NULL);
INSERT INTO student_incentive_plan."user" (id, first_name, last_name, email, password, date_of_birth, user_type, is_active, user_group) VALUES (877, 'Lilas', 'Moncreiffe', 'lmoncreiffeoc@moonfruit.com', 'test', '2061-08-05', 'Admin', NULL, NULL);
INSERT INTO student_incentive_plan."user" (id, first_name, last_name, email, password, date_of_birth, user_type, is_active, user_group) VALUES (878, 'Jada', 'Brugemann', 'jbrugemannod@merriam-webster.com', 'test', '2017-05-14', 'Admin', NULL, NULL);
INSERT INTO student_incentive_plan."user" (id, first_name, last_name, email, password, date_of_birth, user_type, is_active, user_group) VALUES (879, 'Alvina', 'Glashby', 'aglashbyoe@google.cn', 'test', '2030-08-19', 'Admin', NULL, NULL);
INSERT INTO student_incentive_plan."user" (id, first_name, last_name, email, password, date_of_birth, user_type, is_active, user_group) VALUES (880, 'Carree', 'Castro', 'ccastroof@usa.gov', 'test', '2003-05-25', 'Admin', NULL, NULL);
INSERT INTO student_incentive_plan."user" (id, first_name, last_name, email, password, date_of_birth, user_type, is_active, user_group) VALUES (881, 'Thomas', 'Oolahan', 'toolahanog@businessweek.com', 'test', '2042-07-17', 'Admin', NULL, NULL);
INSERT INTO student_incentive_plan."user" (id, first_name, last_name, email, password, date_of_birth, user_type, is_active, user_group) VALUES (882, 'Kathlin', 'Keiling', 'kkeilingoh@cisco.com', 'test', '2027-11-13', 'Admin', NULL, NULL);
INSERT INTO student_incentive_plan."user" (id, first_name, last_name, email, password, date_of_birth, user_type, is_active, user_group) VALUES (883, 'Tanney', 'Enevold', 'tenevoldoi@chronoengine.com', 'test', '2014-10-13', 'Admin', NULL, NULL);
INSERT INTO student_incentive_plan."user" (id, first_name, last_name, email, password, date_of_birth, user_type, is_active, user_group) VALUES (884, 'Lucine', 'Utting', 'luttingoj@dell.com', 'test', '1977-05-29', 'Admin', NULL, NULL);
INSERT INTO student_incentive_plan."user" (id, first_name, last_name, email, password, date_of_birth, user_type, is_active, user_group) VALUES (885, 'Pam', 'Belfelt', 'pbelfeltok@cbsnews.com', 'test', '2016-07-06', 'Admin', NULL, NULL);
INSERT INTO student_incentive_plan."user" (id, first_name, last_name, email, password, date_of_birth, user_type, is_active, user_group) VALUES (886, 'Renato', 'Fones', 'rfonesol@walmart.com', 'test', '2011-04-27', 'Admin', NULL, NULL);
INSERT INTO student_incentive_plan."user" (id, first_name, last_name, email, password, date_of_birth, user_type, is_active, user_group) VALUES (887, 'Gery', 'Pleager', 'gpleagerom@g.co', 'test', '1970-08-10', 'Admin', NULL, NULL);
INSERT INTO student_incentive_plan."user" (id, first_name, last_name, email, password, date_of_birth, user_type, is_active, user_group) VALUES (888, 'Bee', 'Urquhart', 'burquharton@ning.com', 'test', '2052-08-28', 'Admin', NULL, NULL);
INSERT INTO student_incentive_plan."user" (id, first_name, last_name, email, password, date_of_birth, user_type, is_active, user_group) VALUES (889, 'Cordell', 'Constantinou', 'cconstantinouoo@lulu.com', 'test', '2046-01-08', 'Admin', NULL, NULL);
INSERT INTO student_incentive_plan."user" (id, first_name, last_name, email, password, date_of_birth, user_type, is_active, user_group) VALUES (890, 'Ilario', 'Lerego', 'ileregoop@t-online.de', 'test', '2022-06-20', 'Admin', NULL, NULL);
INSERT INTO student_incentive_plan."user" (id, first_name, last_name, email, password, date_of_birth, user_type, is_active, user_group) VALUES (891, 'Temp', 'Baggot', 'tbaggotoq@hao123.com', 'test', '1975-05-08', 'Admin', NULL, NULL);
INSERT INTO student_incentive_plan."user" (id, first_name, last_name, email, password, date_of_birth, user_type, is_active, user_group) VALUES (892, 'Gunar', 'Davidovitz', 'gdavidovitzor@google.cn', 'test', '2024-03-22', 'Admin', NULL, NULL);
INSERT INTO student_incentive_plan."user" (id, first_name, last_name, email, password, date_of_birth, user_type, is_active, user_group) VALUES (893, 'Chrysa', 'Martino', 'cmartinoos@sogou.com', 'test', '2009-02-10', 'Admin', NULL, NULL);
INSERT INTO student_incentive_plan."user" (id, first_name, last_name, email, password, date_of_birth, user_type, is_active, user_group) VALUES (894, 'Lorant', 'Zucker', 'lzuckerot@vinaora.com', 'test', '1980-10-13', 'Admin', NULL, NULL);
INSERT INTO student_incentive_plan."user" (id, first_name, last_name, email, password, date_of_birth, user_type, is_active, user_group) VALUES (895, 'Guinna', 'Naile', 'gnaileou@squarespace.com', 'test', '1973-10-29', 'Admin', NULL, NULL);
INSERT INTO student_incentive_plan."user" (id, first_name, last_name, email, password, date_of_birth, user_type, is_active, user_group) VALUES (896, 'Percival', 'Buckingham', 'pbuckinghamov@smh.com.au', 'test', '2043-06-14', 'Admin', NULL, NULL);
INSERT INTO student_incentive_plan."user" (id, first_name, last_name, email, password, date_of_birth, user_type, is_active, user_group) VALUES (897, 'Rozella', 'Sandry', 'rsandryow@unicef.org', 'test', '1975-04-25', 'Admin', NULL, NULL);
INSERT INTO student_incentive_plan."user" (id, first_name, last_name, email, password, date_of_birth, user_type, is_active, user_group) VALUES (898, 'Stanleigh', 'Norker', 'snorkerox@tuttocitta.it', 'test', '1997-12-19', 'Admin', NULL, NULL);
INSERT INTO student_incentive_plan."user" (id, first_name, last_name, email, password, date_of_birth, user_type, is_active, user_group) VALUES (899, 'Eldridge', 'Loughren', 'eloughrenoy@sitemeter.com', 'test', '2066-10-05', 'Admin', NULL, NULL);
INSERT INTO student_incentive_plan."user" (id, first_name, last_name, email, password, date_of_birth, user_type, is_active, user_group) VALUES (900, 'Terrye', 'Lalley', 'tlalleyoz@dmoz.org', 'test', '2012-06-27', 'Admin', NULL, NULL);
INSERT INTO student_incentive_plan."user" (id, first_name, last_name, email, password, date_of_birth, user_type, is_active, user_group) VALUES (901, 'Yorke', 'Dealtry', 'ydealtryp0@elpais.com', 'test', '2056-12-06', 'Admin', NULL, NULL);
INSERT INTO student_incentive_plan."user" (id, first_name, last_name, email, password, date_of_birth, user_type, is_active, user_group) VALUES (902, 'Germaine', 'Beddoe', 'gbeddoep1@google.com.au', 'test', '2011-06-08', 'Admin', NULL, NULL);
INSERT INTO student_incentive_plan."user" (id, first_name, last_name, email, password, date_of_birth, user_type, is_active, user_group) VALUES (903, 'Cassandre', 'Simonaitis', 'csimonaitisp2@hatena.ne.jp', 'test', '1992-08-23', 'Admin', NULL, NULL);
INSERT INTO student_incentive_plan."user" (id, first_name, last_name, email, password, date_of_birth, user_type, is_active, user_group) VALUES (904, 'Petronella', 'Doggrell', 'pdoggrellp3@jiathis.com', 'test', '2008-03-11', 'Admin', NULL, NULL);
INSERT INTO student_incentive_plan."user" (id, first_name, last_name, email, password, date_of_birth, user_type, is_active, user_group) VALUES (905, 'Jeannie', 'Scollick', 'jscollickp4@telegraph.co.uk', 'test', '2010-07-17', 'Admin', NULL, NULL);
INSERT INTO student_incentive_plan."user" (id, first_name, last_name, email, password, date_of_birth, user_type, is_active, user_group) VALUES (906, 'Englebert', 'Dmitrienko', 'edmitrienkop5@wiley.com', 'test', '2001-07-14', 'Admin', NULL, NULL);
INSERT INTO student_incentive_plan."user" (id, first_name, last_name, email, password, date_of_birth, user_type, is_active, user_group) VALUES (907, 'Casandra', 'Mitchinson', 'cmitchinsonp6@alexa.com', 'test', '2014-06-12', 'Admin', NULL, NULL);
INSERT INTO student_incentive_plan."user" (id, first_name, last_name, email, password, date_of_birth, user_type, is_active, user_group) VALUES (908, 'Lanni', 'Menichino', 'lmenichinop7@java.com', 'test', '2050-09-16', 'Admin', NULL, NULL);
INSERT INTO student_incentive_plan."user" (id, first_name, last_name, email, password, date_of_birth, user_type, is_active, user_group) VALUES (909, 'Giordano', 'Cristofolini', 'gcristofolinip8@t.co', 'test', '2037-05-25', 'Admin', NULL, NULL);
INSERT INTO student_incentive_plan."user" (id, first_name, last_name, email, password, date_of_birth, user_type, is_active, user_group) VALUES (910, 'Kalie', 'Denty', 'kdentyp9@auda.org.au', 'test', '2008-11-24', 'Admin', NULL, NULL);
INSERT INTO student_incentive_plan."user" (id, first_name, last_name, email, password, date_of_birth, user_type, is_active, user_group) VALUES (911, 'Lidia', 'Vecard', 'lvecardpa@washington.edu', 'test', '2018-07-13', 'Admin', NULL, NULL);
INSERT INTO student_incentive_plan."user" (id, first_name, last_name, email, password, date_of_birth, user_type, is_active, user_group) VALUES (912, 'Marna', 'Mochar', 'mmocharpb@tripod.com', 'test', '1973-10-03', 'Admin', NULL, NULL);
INSERT INTO student_incentive_plan."user" (id, first_name, last_name, email, password, date_of_birth, user_type, is_active, user_group) VALUES (913, 'Dimitry', 'Whartonby', 'dwhartonbypc@ovh.net', 'test', '2026-07-24', 'Admin', NULL, NULL);
INSERT INTO student_incentive_plan."user" (id, first_name, last_name, email, password, date_of_birth, user_type, is_active, user_group) VALUES (914, 'Faydra', 'Giannoni', 'fgiannonipd@redcross.org', 'test', '1971-05-12', 'Admin', NULL, NULL);
INSERT INTO student_incentive_plan."user" (id, first_name, last_name, email, password, date_of_birth, user_type, is_active, user_group) VALUES (915, 'Wiatt', 'Camlin', 'wcamlinpe@topsy.com', 'test', '2009-06-15', 'Admin', NULL, NULL);
INSERT INTO student_incentive_plan."user" (id, first_name, last_name, email, password, date_of_birth, user_type, is_active, user_group) VALUES (916, 'Jeno', 'Bedome', 'jbedomepf@ihg.com', 'test', '2048-03-09', 'Admin', NULL, NULL);
INSERT INTO student_incentive_plan."user" (id, first_name, last_name, email, password, date_of_birth, user_type, is_active, user_group) VALUES (917, 'Adore', 'Attride', 'aattridepg@1688.com', 'test', '1994-06-11', 'Admin', NULL, NULL);
INSERT INTO student_incentive_plan."user" (id, first_name, last_name, email, password, date_of_birth, user_type, is_active, user_group) VALUES (918, 'Tansy', 'Spadazzi', 'tspadazziph@theguardian.com', 'test', '1970-08-25', 'Admin', NULL, NULL);
INSERT INTO student_incentive_plan."user" (id, first_name, last_name, email, password, date_of_birth, user_type, is_active, user_group) VALUES (919, 'Marge', 'Torresi', 'mtorresipi@google.nl', 'test', '1981-06-13', 'Admin', NULL, NULL);
INSERT INTO student_incentive_plan."user" (id, first_name, last_name, email, password, date_of_birth, user_type, is_active, user_group) VALUES (920, 'Dell', 'Clooney', 'dclooneypj@blogtalkradio.com', 'test', '1999-02-25', 'Admin', NULL, NULL);
INSERT INTO student_incentive_plan."user" (id, first_name, last_name, email, password, date_of_birth, user_type, is_active, user_group) VALUES (921, 'Zechariah', 'Halladey', 'zhalladeypk@google.com.au', 'test', '1990-07-02', 'Admin', NULL, NULL);
INSERT INTO student_incentive_plan."user" (id, first_name, last_name, email, password, date_of_birth, user_type, is_active, user_group) VALUES (922, 'Merell', 'Hallibone', 'mhallibonepl@sakura.ne.jp', 'test', '1979-09-08', 'Admin', NULL, NULL);
INSERT INTO student_incentive_plan."user" (id, first_name, last_name, email, password, date_of_birth, user_type, is_active, user_group) VALUES (923, 'Burk', 'Beelby', 'bbeelbypm@mysql.com', 'test', '2038-09-14', 'Admin', NULL, NULL);
INSERT INTO student_incentive_plan."user" (id, first_name, last_name, email, password, date_of_birth, user_type, is_active, user_group) VALUES (924, 'Thekla', 'Georgelin', 'tgeorgelinpn@sciencedaily.com', 'test', '2025-04-04', 'Admin', NULL, NULL);
INSERT INTO student_incentive_plan."user" (id, first_name, last_name, email, password, date_of_birth, user_type, is_active, user_group) VALUES (925, 'Tanya', 'Kidd', 'tkiddpo@exblog.jp', 'test', '2013-11-12', 'Admin', NULL, NULL);
INSERT INTO student_incentive_plan."user" (id, first_name, last_name, email, password, date_of_birth, user_type, is_active, user_group) VALUES (926, 'Philly', 'Barsby', 'pbarsbypp@craigslist.org', 'test', '2010-02-16', 'Admin', NULL, NULL);
INSERT INTO student_incentive_plan."user" (id, first_name, last_name, email, password, date_of_birth, user_type, is_active, user_group) VALUES (927, 'Hadley', 'Stute', 'hstutepq@chron.com', 'test', '1973-10-28', 'Admin', NULL, NULL);
INSERT INTO student_incentive_plan."user" (id, first_name, last_name, email, password, date_of_birth, user_type, is_active, user_group) VALUES (928, 'Ella', 'Pidwell', 'epidwellpr@posterous.com', 'test', '2018-06-02', 'Admin', NULL, NULL);
INSERT INTO student_incentive_plan."user" (id, first_name, last_name, email, password, date_of_birth, user_type, is_active, user_group) VALUES (929, 'Zebadiah', 'Cassell', 'zcassellps@alexa.com', 'test', '1980-07-12', 'Admin', NULL, NULL);
INSERT INTO student_incentive_plan."user" (id, first_name, last_name, email, password, date_of_birth, user_type, is_active, user_group) VALUES (930, 'Lorry', 'Stubbings', 'lstubbingspt@reference.com', 'test', '2003-06-06', 'Admin', NULL, NULL);
INSERT INTO student_incentive_plan."user" (id, first_name, last_name, email, password, date_of_birth, user_type, is_active, user_group) VALUES (931, 'Cecilio', 'Gyrgorwicx', 'cgyrgorwicxpu@ifeng.com', 'test', '1977-07-02', 'Admin', NULL, NULL);
INSERT INTO student_incentive_plan."user" (id, first_name, last_name, email, password, date_of_birth, user_type, is_active, user_group) VALUES (932, 'Nick', 'Bollard', 'nbollardpv@macromedia.com', 'test', '2003-10-10', 'Admin', NULL, NULL);
INSERT INTO student_incentive_plan."user" (id, first_name, last_name, email, password, date_of_birth, user_type, is_active, user_group) VALUES (933, 'Alexei', 'Krop', 'akroppw@ask.com', 'test', '2065-01-20', 'Admin', NULL, NULL);
INSERT INTO student_incentive_plan."user" (id, first_name, last_name, email, password, date_of_birth, user_type, is_active, user_group) VALUES (934, 'Gustav', 'Sutherden', 'gsutherdenpx@webs.com', 'test', '2043-06-27', 'Admin', NULL, NULL);
INSERT INTO student_incentive_plan."user" (id, first_name, last_name, email, password, date_of_birth, user_type, is_active, user_group) VALUES (935, 'Jacquie', 'Kochel', 'jkochelpy@mail.ru', 'test', '2019-10-06', 'Admin', NULL, NULL);
INSERT INTO student_incentive_plan."user" (id, first_name, last_name, email, password, date_of_birth, user_type, is_active, user_group) VALUES (936, 'Sapphire', 'Fazan', 'sfazanpz@jiathis.com', 'test', '2061-10-31', 'Admin', NULL, NULL);
INSERT INTO student_incentive_plan."user" (id, first_name, last_name, email, password, date_of_birth, user_type, is_active, user_group) VALUES (937, 'Jess', 'Wickes', 'jwickesq0@t.co', 'test', '2026-01-19', 'Admin', NULL, NULL);
INSERT INTO student_incentive_plan."user" (id, first_name, last_name, email, password, date_of_birth, user_type, is_active, user_group) VALUES (938, 'Saxe', 'Gillingham', 'sgillinghamq1@cafepress.com', 'test', '2049-04-28', 'Admin', NULL, NULL);
INSERT INTO student_incentive_plan."user" (id, first_name, last_name, email, password, date_of_birth, user_type, is_active, user_group) VALUES (939, 'Skye', 'Vallack', 'svallackq2@vkontakte.ru', 'test', '1976-03-11', 'Admin', NULL, NULL);
INSERT INTO student_incentive_plan."user" (id, first_name, last_name, email, password, date_of_birth, user_type, is_active, user_group) VALUES (940, 'Hercule', 'Figg', 'hfiggq3@gmpg.org', 'test', '2060-05-03', 'Admin', NULL, NULL);
INSERT INTO student_incentive_plan."user" (id, first_name, last_name, email, password, date_of_birth, user_type, is_active, user_group) VALUES (941, 'Rafael', 'Forgie', 'rforgieq4@comsenz.com', 'test', '1984-02-17', 'Admin', NULL, NULL);
INSERT INTO student_incentive_plan."user" (id, first_name, last_name, email, password, date_of_birth, user_type, is_active, user_group) VALUES (942, 'Godfree', 'Breedy', 'gbreedyq5@ovh.net', 'test', '2017-09-03', 'Admin', NULL, NULL);
INSERT INTO student_incentive_plan."user" (id, first_name, last_name, email, password, date_of_birth, user_type, is_active, user_group) VALUES (943, 'Steffane', 'De Benedetti', 'sdebenedettiq6@twitpic.com', 'test', '1989-06-14', 'Admin', NULL, NULL);
INSERT INTO student_incentive_plan."user" (id, first_name, last_name, email, password, date_of_birth, user_type, is_active, user_group) VALUES (944, 'Farleigh', 'Coughan', 'fcoughanq7@umn.edu', 'test', '2066-04-03', 'Admin', NULL, NULL);
INSERT INTO student_incentive_plan."user" (id, first_name, last_name, email, password, date_of_birth, user_type, is_active, user_group) VALUES (945, 'Jacquette', 'Ableson', 'jablesonq8@state.tx.us', 'test', '2051-10-28', 'Admin', NULL, NULL);
INSERT INTO student_incentive_plan."user" (id, first_name, last_name, email, password, date_of_birth, user_type, is_active, user_group) VALUES (946, 'Benedict', 'Ansill', 'bansillq9@ucoz.ru', 'test', '2012-07-15', 'Admin', NULL, NULL);
INSERT INTO student_incentive_plan."user" (id, first_name, last_name, email, password, date_of_birth, user_type, is_active, user_group) VALUES (947, 'Konstantine', 'Rosone', 'krosoneqa@amazon.de', 'test', '1971-04-25', 'Admin', NULL, NULL);
INSERT INTO student_incentive_plan."user" (id, first_name, last_name, email, password, date_of_birth, user_type, is_active, user_group) VALUES (948, 'Abie', 'Mulvihill', 'amulvihillqb@nsw.gov.au', 'test', '1972-04-03', 'Admin', NULL, NULL);
INSERT INTO student_incentive_plan."user" (id, first_name, last_name, email, password, date_of_birth, user_type, is_active, user_group) VALUES (949, 'Alexis', 'Zoephel', 'azoephelqc@chicagotribune.com', 'test', '2012-08-20', 'Admin', NULL, NULL);
INSERT INTO student_incentive_plan."user" (id, first_name, last_name, email, password, date_of_birth, user_type, is_active, user_group) VALUES (950, 'Octavia', 'Herety', 'oheretyqd@yahoo.co.jp', 'test', '2056-09-09', 'Admin', NULL, NULL);
INSERT INTO student_incentive_plan."user" (id, first_name, last_name, email, password, date_of_birth, user_type, is_active, user_group) VALUES (951, 'Rosemaria', 'Guiso', 'rguisoqe@pagesperso-orange.fr', 'test', '2043-03-26', 'Admin', NULL, NULL);
INSERT INTO student_incentive_plan."user" (id, first_name, last_name, email, password, date_of_birth, user_type, is_active, user_group) VALUES (952, 'Jammie', 'Shellard', 'jshellardqf@yahoo.co.jp', 'test', '1972-11-12', 'Admin', NULL, NULL);
INSERT INTO student_incentive_plan."user" (id, first_name, last_name, email, password, date_of_birth, user_type, is_active, user_group) VALUES (953, 'Lelah', 'Auld', 'lauldqg@domainmarket.com', 'test', '2012-02-13', 'Admin', NULL, NULL);
INSERT INTO student_incentive_plan."user" (id, first_name, last_name, email, password, date_of_birth, user_type, is_active, user_group) VALUES (954, 'Valma', 'Wilcocks', 'vwilcocksqh@gravatar.com', 'test', '2015-10-27', 'Admin', NULL, NULL);
INSERT INTO student_incentive_plan."user" (id, first_name, last_name, email, password, date_of_birth, user_type, is_active, user_group) VALUES (955, 'Karita', 'Spera', 'ksperaqi@miibeian.gov.cn', 'test', '2021-10-07', 'Admin', NULL, NULL);
INSERT INTO student_incentive_plan."user" (id, first_name, last_name, email, password, date_of_birth, user_type, is_active, user_group) VALUES (956, 'Ninnetta', 'Kiffin', 'nkiffinqj@arstechnica.com', 'test', '1971-03-20', 'Admin', NULL, NULL);
INSERT INTO student_incentive_plan."user" (id, first_name, last_name, email, password, date_of_birth, user_type, is_active, user_group) VALUES (957, 'Suellen', 'Lawlings', 'slawlingsqk@blinklist.com', 'test', '2014-11-24', 'Admin', NULL, NULL);
INSERT INTO student_incentive_plan."user" (id, first_name, last_name, email, password, date_of_birth, user_type, is_active, user_group) VALUES (958, 'Vale', 'Maccree', 'vmaccreeql@ft.com', 'test', '1990-01-21', 'Admin', NULL, NULL);
INSERT INTO student_incentive_plan."user" (id, first_name, last_name, email, password, date_of_birth, user_type, is_active, user_group) VALUES (959, 'Sydel', 'Janecek', 'sjanecekqm@google.de', 'test', '1991-06-03', 'Admin', NULL, NULL);
INSERT INTO student_incentive_plan."user" (id, first_name, last_name, email, password, date_of_birth, user_type, is_active, user_group) VALUES (960, 'Sergio', 'Machon', 'smachonqn@last.fm', 'test', '2011-05-09', 'Admin', NULL, NULL);
INSERT INTO student_incentive_plan."user" (id, first_name, last_name, email, password, date_of_birth, user_type, is_active, user_group) VALUES (961, 'Brandie', 'Edward', 'bedwardqo@mac.com', 'test', '2025-07-13', 'Admin', NULL, NULL);
INSERT INTO student_incentive_plan."user" (id, first_name, last_name, email, password, date_of_birth, user_type, is_active, user_group) VALUES (962, 'Ciro', 'MacDirmid', 'cmacdirmidqp@cbsnews.com', 'test', '1998-01-30', 'Admin', NULL, NULL);
INSERT INTO student_incentive_plan."user" (id, first_name, last_name, email, password, date_of_birth, user_type, is_active, user_group) VALUES (101, 'Artemus', 'Depka', 'adepka2s@alexa.com', 'test', '1991-11-08', 'Parent', NULL, NULL);
INSERT INTO student_incentive_plan."user" (id, first_name, last_name, email, password, date_of_birth, user_type, is_active, user_group) VALUES (102, 'Juditha', 'Maggs', 'jmaggs2t@discuz.net', 'test', '1975-12-30', 'Parent', NULL, NULL);
INSERT INTO student_incentive_plan."user" (id, first_name, last_name, email, password, date_of_birth, user_type, is_active, user_group) VALUES (103, 'Dur', 'Bomfield', 'dbomfield2u@gmpg.org', 'test', '2052-04-14', 'Parent', NULL, NULL);
INSERT INTO student_incentive_plan."user" (id, first_name, last_name, email, password, date_of_birth, user_type, is_active, user_group) VALUES (104, 'Rudd', 'Bearne', 'rbearne2v@hexun.com', 'test', '2058-10-07', 'Parent', NULL, NULL);
INSERT INTO student_incentive_plan."user" (id, first_name, last_name, email, password, date_of_birth, user_type, is_active, user_group) VALUES (105, 'Tremain', 'McColm', 'tmccolm2w@shutterfly.com', 'test', '2025-11-09', 'Parent', NULL, NULL);
INSERT INTO student_incentive_plan."user" (id, first_name, last_name, email, password, date_of_birth, user_type, is_active, user_group) VALUES (106, 'Stevena', 'Rucklidge', 'srucklidge2x@topsy.com', 'test', '2025-11-09', 'Parent', NULL, NULL);
INSERT INTO student_incentive_plan."user" (id, first_name, last_name, email, password, date_of_birth, user_type, is_active, user_group) VALUES (107, 'Coriss', 'Prendergast', 'cprendergast2y@wsj.com', 'test', '2048-04-15', 'Parent', NULL, NULL);
INSERT INTO student_incentive_plan."user" (id, first_name, last_name, email, password, date_of_birth, user_type, is_active, user_group) VALUES (108, 'Gilda', 'Chestney', 'gchestney2z@springer.com', 'test', '1987-12-07', 'Parent', NULL, NULL);
INSERT INTO student_incentive_plan."user" (id, first_name, last_name, email, password, date_of_birth, user_type, is_active, user_group) VALUES (109, 'Oren', 'Shutle', 'oshutle30@sakura.ne.jp', 'test', '2011-12-23', 'Parent', NULL, NULL);
INSERT INTO student_incentive_plan."user" (id, first_name, last_name, email, password, date_of_birth, user_type, is_active, user_group) VALUES (110, 'Arleta', 'Dolligon', 'adolligon31@blogtalkradio.com', 'test', '2017-09-25', 'Parent', NULL, NULL);
INSERT INTO student_incentive_plan."user" (id, first_name, last_name, email, password, date_of_birth, user_type, is_active, user_group) VALUES (111, 'Brandais', 'Hellmore', 'bhellmore32@so-net.ne.jp', 'test', '1997-03-01', 'Parent', NULL, NULL);
INSERT INTO student_incentive_plan."user" (id, first_name, last_name, email, password, date_of_birth, user_type, is_active, user_group) VALUES (112, 'Sherilyn', 'Dallaghan', 'sdallaghan33@who.int', 'test', '2012-01-02', 'Parent', NULL, NULL);
INSERT INTO student_incentive_plan."user" (id, first_name, last_name, email, password, date_of_birth, user_type, is_active, user_group) VALUES (113, 'Dorene', 'Noe', 'dnoe34@blogger.com', 'test', '2005-02-01', 'Parent', NULL, NULL);
INSERT INTO student_incentive_plan."user" (id, first_name, last_name, email, password, date_of_birth, user_type, is_active, user_group) VALUES (114, 'Aline', 'McKellar', 'amckellar35@flavors.me', 'test', '1989-06-26', 'Parent', NULL, NULL);
INSERT INTO student_incentive_plan."user" (id, first_name, last_name, email, password, date_of_birth, user_type, is_active, user_group) VALUES (115, 'Gus', 'Boggish', 'gboggish36@opensource.org', 'test', '2002-07-19', 'Parent', NULL, NULL);
INSERT INTO student_incentive_plan."user" (id, first_name, last_name, email, password, date_of_birth, user_type, is_active, user_group) VALUES (116, 'Urson', 'Morkham', 'umorkham37@whitehouse.gov', 'test', '2020-05-15', 'Parent', NULL, NULL);
INSERT INTO student_incentive_plan."user" (id, first_name, last_name, email, password, date_of_birth, user_type, is_active, user_group) VALUES (117, 'Tamarah', 'Froschauer', 'tfroschauer38@tamu.edu', 'test', '2064-07-06', 'Parent', NULL, NULL);
INSERT INTO student_incentive_plan."user" (id, first_name, last_name, email, password, date_of_birth, user_type, is_active, user_group) VALUES (118, 'Patrizio', 'Capper', 'pcapper39@nps.gov', 'test', '2021-04-04', 'Parent', NULL, NULL);
INSERT INTO student_incentive_plan."user" (id, first_name, last_name, email, password, date_of_birth, user_type, is_active, user_group) VALUES (119, 'Debor', 'Brychan', 'dbrychan3a@amazon.com', 'test', '2020-07-04', 'Parent', NULL, NULL);
INSERT INTO student_incentive_plan."user" (id, first_name, last_name, email, password, date_of_birth, user_type, is_active, user_group) VALUES (120, 'Fair', 'Lukacs', 'flukacs3b@comsenz.com', 'test', '2012-04-27', 'Parent', NULL, NULL);
INSERT INTO student_incentive_plan."user" (id, first_name, last_name, email, password, date_of_birth, user_type, is_active, user_group) VALUES (121, 'Sonya', 'Shillum', 'sshillum3c@pagesperso-orange.fr', 'test', '2066-07-07', 'Parent', NULL, NULL);
INSERT INTO student_incentive_plan."user" (id, first_name, last_name, email, password, date_of_birth, user_type, is_active, user_group) VALUES (122, 'Guntar', 'McLise', 'gmclise3d@ow.ly', 'test', '2033-06-07', 'Parent', NULL, NULL);
INSERT INTO student_incentive_plan."user" (id, first_name, last_name, email, password, date_of_birth, user_type, is_active, user_group) VALUES (123, 'Casar', 'Kahane', 'ckahane3e@shinystat.com', 'test', '1988-12-04', 'Parent', NULL, NULL);
INSERT INTO student_incentive_plan."user" (id, first_name, last_name, email, password, date_of_birth, user_type, is_active, user_group) VALUES (124, 'Skipper', 'Wisdom', 'swisdom3f@facebook.com', 'test', '1987-12-29', 'Parent', NULL, NULL);
INSERT INTO student_incentive_plan."user" (id, first_name, last_name, email, password, date_of_birth, user_type, is_active, user_group) VALUES (125, 'Andie', 'Apps', 'aapps3g@nydailynews.com', 'test', '2061-03-10', 'Parent', NULL, NULL);
INSERT INTO student_incentive_plan."user" (id, first_name, last_name, email, password, date_of_birth, user_type, is_active, user_group) VALUES (126, 'Jarid', 'Klimas', 'jklimas3h@list-manage.com', 'test', '2009-10-18', 'Parent', NULL, NULL);
INSERT INTO student_incentive_plan."user" (id, first_name, last_name, email, password, date_of_birth, user_type, is_active, user_group) VALUES (127, 'Kathryn', 'Constantinou', 'kconstantinou3i@tamu.edu', 'test', '2004-06-21', 'Parent', NULL, NULL);
INSERT INTO student_incentive_plan."user" (id, first_name, last_name, email, password, date_of_birth, user_type, is_active, user_group) VALUES (128, 'Patrizio', 'Spradbery', 'pspradbery3j@xrea.com', 'test', '2016-09-26', 'Parent', NULL, NULL);
INSERT INTO student_incentive_plan."user" (id, first_name, last_name, email, password, date_of_birth, user_type, is_active, user_group) VALUES (129, 'Pauly', 'Tasseler', 'ptasseler3k@statcounter.com', 'test', '2011-08-10', 'Parent', NULL, NULL);
INSERT INTO student_incentive_plan."user" (id, first_name, last_name, email, password, date_of_birth, user_type, is_active, user_group) VALUES (130, 'Ailis', 'Tunnow', 'atunnow3l@icio.us', 'test', '1991-06-09', 'Parent', NULL, NULL);
INSERT INTO student_incentive_plan."user" (id, first_name, last_name, email, password, date_of_birth, user_type, is_active, user_group) VALUES (131, 'Abrahan', 'Wybrow', 'awybrow3m@pbs.org', 'test', '2003-05-04', 'Parent', NULL, NULL);
INSERT INTO student_incentive_plan."user" (id, first_name, last_name, email, password, date_of_birth, user_type, is_active, user_group) VALUES (132, 'Chrisse', 'Vern', 'cvern3n@fastcompany.com', 'test', '2026-06-17', 'Parent', NULL, NULL);
INSERT INTO student_incentive_plan."user" (id, first_name, last_name, email, password, date_of_birth, user_type, is_active, user_group) VALUES (133, 'Christina', 'Milward', 'cmilward3o@yelp.com', 'test', '2020-08-23', 'Parent', NULL, NULL);
INSERT INTO student_incentive_plan."user" (id, first_name, last_name, email, password, date_of_birth, user_type, is_active, user_group) VALUES (134, 'Doreen', 'Trundell', 'dtrundell3p@twitter.com', 'test', '2030-09-21', 'Parent', NULL, NULL);
INSERT INTO student_incentive_plan."user" (id, first_name, last_name, email, password, date_of_birth, user_type, is_active, user_group) VALUES (135, 'Felizio', 'Cudbird', 'fcudbird3q@networksolutions.com', 'test', '2028-03-27', 'Parent', NULL, NULL);
INSERT INTO student_incentive_plan."user" (id, first_name, last_name, email, password, date_of_birth, user_type, is_active, user_group) VALUES (136, 'Kennie', 'Gronav', 'kgronav3r@dagondesign.com', 'test', '2009-02-10', 'Parent', NULL, NULL);
INSERT INTO student_incentive_plan."user" (id, first_name, last_name, email, password, date_of_birth, user_type, is_active, user_group) VALUES (137, 'Jeanie', 'Accombe', 'jaccombe3s@shop-pro.jp', 'test', '2047-11-04', 'Parent', NULL, NULL);
INSERT INTO student_incentive_plan."user" (id, first_name, last_name, email, password, date_of_birth, user_type, is_active, user_group) VALUES (138, 'Katlin', 'Philippault', 'kphilippault3t@hud.gov', 'test', '1973-03-20', 'Parent', NULL, NULL);
INSERT INTO student_incentive_plan."user" (id, first_name, last_name, email, password, date_of_birth, user_type, is_active, user_group) VALUES (139, 'Rycca', 'Spurling', 'rspurling3u@nba.com', 'test', '2065-10-23', 'Parent', NULL, NULL);
INSERT INTO student_incentive_plan."user" (id, first_name, last_name, email, password, date_of_birth, user_type, is_active, user_group) VALUES (140, 'Burtie', 'Bergeau', 'bbergeau3v@mapy.cz', 'test', '2036-10-11', 'Parent', NULL, NULL);
INSERT INTO student_incentive_plan."user" (id, first_name, last_name, email, password, date_of_birth, user_type, is_active, user_group) VALUES (141, 'Alexandr', 'Leveret', 'aleveret3w@buzzfeed.com', 'test', '2011-04-09', 'Parent', NULL, NULL);
INSERT INTO student_incentive_plan."user" (id, first_name, last_name, email, password, date_of_birth, user_type, is_active, user_group) VALUES (142, 'Catharine', 'Cattle', 'ccattle3x@weibo.com', 'test', '1983-11-26', 'Parent', NULL, NULL);
INSERT INTO student_incentive_plan."user" (id, first_name, last_name, email, password, date_of_birth, user_type, is_active, user_group) VALUES (143, 'Emelyne', 'Siddell', 'esiddell3y@umn.edu', 'test', '2003-05-13', 'Parent', NULL, NULL);
INSERT INTO student_incentive_plan."user" (id, first_name, last_name, email, password, date_of_birth, user_type, is_active, user_group) VALUES (144, 'Lonee', 'Eadmeades', 'leadmeades3z@dell.com', 'test', '2019-10-05', 'Parent', NULL, NULL);
INSERT INTO student_incentive_plan."user" (id, first_name, last_name, email, password, date_of_birth, user_type, is_active, user_group) VALUES (145, 'Kare', 'Bellon', 'kbellon40@ycombinator.com', 'test', '2017-03-26', 'Parent', NULL, NULL);
INSERT INTO student_incentive_plan."user" (id, first_name, last_name, email, password, date_of_birth, user_type, is_active, user_group) VALUES (146, 'Sharron', 'Schwandt', 'sschwandt41@businessweek.com', 'test', '2069-01-02', 'Parent', NULL, NULL);
INSERT INTO student_incentive_plan."user" (id, first_name, last_name, email, password, date_of_birth, user_type, is_active, user_group) VALUES (147, 'Gannie', 'Nelhams', 'gnelhams42@samsung.com', 'test', '2015-01-22', 'Parent', NULL, NULL);
INSERT INTO student_incentive_plan."user" (id, first_name, last_name, email, password, date_of_birth, user_type, is_active, user_group) VALUES (148, 'Min', 'MacUchadair', 'mmacuchadair43@themeforest.net', 'test', '2051-07-14', 'Parent', NULL, NULL);
INSERT INTO student_incentive_plan."user" (id, first_name, last_name, email, password, date_of_birth, user_type, is_active, user_group) VALUES (149, 'Mart', 'Clayhill', 'mclayhill44@so-net.ne.jp', 'test', '2062-01-02', 'Parent', NULL, NULL);
INSERT INTO student_incentive_plan."user" (id, first_name, last_name, email, password, date_of_birth, user_type, is_active, user_group) VALUES (150, 'Tana', 'Hearson', 'thearson45@moonfruit.com', 'test', '2067-06-02', 'Parent', NULL, NULL);
INSERT INTO student_incentive_plan."user" (id, first_name, last_name, email, password, date_of_birth, user_type, is_active, user_group) VALUES (15, 'Karilynn', 'Le Marquand', 'klemarquande@ucoz.ru', 'test', '2017-07-11', 'Teacher', NULL, NULL);
INSERT INTO student_incentive_plan."user" (id, first_name, last_name, email, password, date_of_birth, user_type, is_active, user_group) VALUES (16, 'Vladamir', 'Squibb', 'vsquibbf@feedburner.com', 'test', '2032-10-23', 'Teacher', NULL, NULL);
INSERT INTO student_incentive_plan."user" (id, first_name, last_name, email, password, date_of_birth, user_type, is_active, user_group) VALUES (26, 'Hilary', 'Ortells', 'hortellsp@sogou.com', 'test', '2038-06-12', 'Student', NULL, NULL);
INSERT INTO student_incentive_plan."user" (id, first_name, last_name, email, password, date_of_birth, user_type, is_active, user_group) VALUES (27, 'Davey', 'Towriss', 'dtowrissq@weebly.com', 'test', '1973-02-28', 'Student', NULL, NULL);
INSERT INTO student_incentive_plan."user" (id, first_name, last_name, email, password, date_of_birth, user_type, is_active, user_group) VALUES (28, 'Vick', 'Rankling', 'vranklingr@shinystat.com', 'test', '2002-05-12', 'Student', NULL, NULL);
INSERT INTO student_incentive_plan."user" (id, first_name, last_name, email, password, date_of_birth, user_type, is_active, user_group) VALUES (29, 'Dolores', 'McGairl', 'dmcgairls@japanpost.jp', 'test', '2064-03-30', 'Student', NULL, NULL);
INSERT INTO student_incentive_plan."user" (id, first_name, last_name, email, password, date_of_birth, user_type, is_active, user_group) VALUES (30, 'Arleta', 'Galero', 'agalerot@va.gov', 'test', '1972-03-23', 'Student', NULL, NULL);
INSERT INTO student_incentive_plan."user" (id, first_name, last_name, email, password, date_of_birth, user_type, is_active, user_group) VALUES (31, 'Callean', 'Harse', 'charseu@eventbrite.com', 'test', '2003-02-11', 'Student', NULL, NULL);
INSERT INTO student_incentive_plan."user" (id, first_name, last_name, email, password, date_of_birth, user_type, is_active, user_group) VALUES (32, 'Verney', 'Bassom', 'vbassomv@webmd.com', 'test', '2024-04-27', 'Student', NULL, NULL);
INSERT INTO student_incentive_plan."user" (id, first_name, last_name, email, password, date_of_birth, user_type, is_active, user_group) VALUES (33, 'Dun', 'Deluce', 'ddelucew@studiopress.com', 'test', '1989-06-11', 'Student', NULL, NULL);
INSERT INTO student_incentive_plan."user" (id, first_name, last_name, email, password, date_of_birth, user_type, is_active, user_group) VALUES (34, 'Elissa', 'Yearron', 'eyearronx@twitpic.com', 'test', '2017-06-29', 'Student', NULL, NULL);
INSERT INTO student_incentive_plan."user" (id, first_name, last_name, email, password, date_of_birth, user_type, is_active, user_group) VALUES (35, 'Pearce', 'O''Towey', 'potoweyy@ft.com', 'test', '2031-10-21', 'Student', NULL, NULL);
INSERT INTO student_incentive_plan."user" (id, first_name, last_name, email, password, date_of_birth, user_type, is_active, user_group) VALUES (152, 'Harriett', 'Hammatt', 'hhammatt47@eventbrite.com', 'test', '2030-05-14', 'Teacher', NULL, NULL);
INSERT INTO student_incentive_plan."user" (id, first_name, last_name, email, password, date_of_birth, user_type, is_active, user_group) VALUES (156, 'Theodoric', 'Skelton', 'tskelton4b@redcross.org', 'test', '2022-04-05', 'Teacher', NULL, NULL);
INSERT INTO student_incentive_plan."user" (id, first_name, last_name, email, password, date_of_birth, user_type, is_active, user_group) VALUES (159, 'Averill', 'Beneyto', 'abeneyto4e@nih.gov', 'test', '1997-07-04', 'Teacher', NULL, NULL);
INSERT INTO student_incentive_plan."user" (id, first_name, last_name, email, password, date_of_birth, user_type, is_active, user_group) VALUES (163, 'Edgar', 'Tenney', 'etenney4i@live.com', 'test', '1990-06-03', 'Teacher', NULL, NULL);
INSERT INTO student_incentive_plan."user" (id, first_name, last_name, email, password, date_of_birth, user_type, is_active, user_group) VALUES (166, 'Lilia', 'Creighton', 'lcreighton4l@discovery.com', 'test', '2006-11-25', 'Teacher', NULL, NULL);
INSERT INTO student_incentive_plan."user" (id, first_name, last_name, email, password, date_of_birth, user_type, is_active, user_group) VALUES (170, 'Nonah', 'Gather', 'ngather4p@rakuten.co.jp', 'test', '2005-12-08', 'Teacher', NULL, NULL);
INSERT INTO student_incentive_plan."user" (id, first_name, last_name, email, password, date_of_birth, user_type, is_active, user_group) VALUES (173, 'Gleda', 'Talby', 'gtalby4s@wikimedia.org', 'test', '2011-03-10', 'Teacher', NULL, NULL);
INSERT INTO student_incentive_plan."user" (id, first_name, last_name, email, password, date_of_birth, user_type, is_active, user_group) VALUES (177, 'Anselm', 'Gouldsmith', 'agouldsmith4w@economist.com', 'test', '2018-08-13', 'Teacher', NULL, NULL);
INSERT INTO student_incentive_plan."user" (id, first_name, last_name, email, password, date_of_birth, user_type, is_active, user_group) VALUES (180, 'Saunders', 'Cranstone', 'scranstone4z@newsvine.com', 'test', '2019-02-17', 'Teacher', NULL, NULL);
INSERT INTO student_incentive_plan."user" (id, first_name, last_name, email, password, date_of_birth, user_type, is_active, user_group) VALUES (184, 'Terrel', 'Wallbutton', 'twallbutton53@1und1.de', 'test', '1993-06-23', 'Teacher', NULL, NULL);
INSERT INTO student_incentive_plan."user" (id, first_name, last_name, email, password, date_of_birth, user_type, is_active, user_group) VALUES (187, 'Maurine', 'Frickey', 'mfrickey56@apple.com', 'test', '2039-07-02', 'Teacher', NULL, NULL);
INSERT INTO student_incentive_plan."user" (id, first_name, last_name, email, password, date_of_birth, user_type, is_active, user_group) VALUES (153, 'Josefa', 'Traves', 'jtraves48@ameblo.jp', 'test', '1992-11-23', 'Student', NULL, NULL);
INSERT INTO student_incentive_plan."user" (id, first_name, last_name, email, password, date_of_birth, user_type, is_active, user_group) VALUES (157, 'Cliff', 'Barabisch', 'cbarabisch4c@creativecommons.org', 'test', '2015-05-10', 'Student', NULL, NULL);
INSERT INTO student_incentive_plan."user" (id, first_name, last_name, email, password, date_of_birth, user_type, is_active, user_group) VALUES (160, 'Brockie', 'Pinney', 'bpinney4f@amazon.com', 'test', '2021-02-07', 'Student', NULL, NULL);
INSERT INTO student_incentive_plan."user" (id, first_name, last_name, email, password, date_of_birth, user_type, is_active, user_group) VALUES (164, 'Guy', 'Blunsum', 'gblunsum4j@istockphoto.com', 'test', '2058-08-14', 'Student', NULL, NULL);
INSERT INTO student_incentive_plan."user" (id, first_name, last_name, email, password, date_of_birth, user_type, is_active, user_group) VALUES (167, 'Foster', 'Aspall', 'faspall4m@mysql.com', 'test', '2002-11-28', 'Student', NULL, NULL);
INSERT INTO student_incentive_plan."user" (id, first_name, last_name, email, password, date_of_birth, user_type, is_active, user_group) VALUES (171, 'Dav', 'Trusslove', 'dtrusslove4q@nyu.edu', 'test', '2009-02-03', 'Student', NULL, NULL);
INSERT INTO student_incentive_plan."user" (id, first_name, last_name, email, password, date_of_birth, user_type, is_active, user_group) VALUES (174, 'Fran', 'Gosalvez', 'fgosalvez4t@usatoday.com', 'test', '2066-10-16', 'Student', NULL, NULL);
INSERT INTO student_incentive_plan."user" (id, first_name, last_name, email, password, date_of_birth, user_type, is_active, user_group) VALUES (178, 'Robers', 'Langshaw', 'rlangshaw4x@state.gov', 'test', '2041-06-25', 'Student', NULL, NULL);
INSERT INTO student_incentive_plan."user" (id, first_name, last_name, email, password, date_of_birth, user_type, is_active, user_group) VALUES (181, 'Reeba', 'Roget', 'rroget50@goo.ne.jp', 'test', '2022-04-23', 'Student', NULL, NULL);
INSERT INTO student_incentive_plan."user" (id, first_name, last_name, email, password, date_of_birth, user_type, is_active, user_group) VALUES (185, 'Lyndy', 'Ferneyhough', 'lferneyhough54@accuweather.com', 'test', '2005-03-20', 'Student', NULL, NULL);
INSERT INTO student_incentive_plan."user" (id, first_name, last_name, email, password, date_of_birth, user_type, is_active, user_group) VALUES (191, 'Dewie', 'MacGhee', 'dmacghee5a@skype.com', 'test', '2019-02-24', 'Teacher', NULL, NULL);
INSERT INTO student_incentive_plan."user" (id, first_name, last_name, email, password, date_of_birth, user_type, is_active, user_group) VALUES (194, 'Andy', 'Tschursch', 'atschursch5d@admin.ch', 'test', '1984-04-26', 'Teacher', NULL, NULL);
INSERT INTO student_incentive_plan."user" (id, first_name, last_name, email, password, date_of_birth, user_type, is_active, user_group) VALUES (198, 'Asa', 'Daal', 'adaal5h@google.com.br', 'test', '2017-12-12', 'Teacher', NULL, NULL);
INSERT INTO student_incentive_plan."user" (id, first_name, last_name, email, password, date_of_birth, user_type, is_active, user_group) VALUES (201, 'Emmye', 'Horley', 'ehorley5k@google.pl', 'test', '2046-11-10', 'Teacher', NULL, NULL);
INSERT INTO student_incentive_plan."user" (id, first_name, last_name, email, password, date_of_birth, user_type, is_active, user_group) VALUES (205, 'Marina', 'Baitman', 'mbaitman5o@twitter.com', 'test', '2003-04-17', 'Teacher', NULL, NULL);
INSERT INTO student_incentive_plan."user" (id, first_name, last_name, email, password, date_of_birth, user_type, is_active, user_group) VALUES (208, 'Carita', 'Carolan', 'ccarolan5r@wp.com', 'test', '2033-02-01', 'Teacher', NULL, NULL);
INSERT INTO student_incentive_plan."user" (id, first_name, last_name, email, password, date_of_birth, user_type, is_active, user_group) VALUES (212, 'Babs', 'Kerner', 'bkerner5v@addtoany.com', 'test', '2051-11-02', 'Teacher', NULL, NULL);
INSERT INTO student_incentive_plan."user" (id, first_name, last_name, email, password, date_of_birth, user_type, is_active, user_group) VALUES (215, 'Lynn', 'Beardsell', 'lbeardsell5y@china.com.cn', 'test', '2051-02-02', 'Teacher', NULL, NULL);
INSERT INTO student_incentive_plan."user" (id, first_name, last_name, email, password, date_of_birth, user_type, is_active, user_group) VALUES (219, 'Rodolfo', 'Bhatia', 'rbhatia62@wikimedia.org', 'test', '2015-02-14', 'Teacher', NULL, NULL);
INSERT INTO student_incentive_plan."user" (id, first_name, last_name, email, password, date_of_birth, user_type, is_active, user_group) VALUES (222, 'Heath', 'Jayume', 'hjayume65@opensource.org', 'test', '1983-03-06', 'Teacher', NULL, NULL);
INSERT INTO student_incentive_plan."user" (id, first_name, last_name, email, password, date_of_birth, user_type, is_active, user_group) VALUES (226, 'Lief', 'Eliaz', 'leliaz69@yale.edu', 'test', '1972-06-30', 'Teacher', NULL, NULL);
INSERT INTO student_incentive_plan."user" (id, first_name, last_name, email, password, date_of_birth, user_type, is_active, user_group) VALUES (229, 'Sibeal', 'McDougall', 'smcdougall6c@salon.com', 'test', '2039-02-10', 'Teacher', NULL, NULL);
INSERT INTO student_incentive_plan."user" (id, first_name, last_name, email, password, date_of_birth, user_type, is_active, user_group) VALUES (233, 'Bengt', 'Farquarson', 'bfarquarson6g@walmart.com', 'test', '2025-01-04', 'Teacher', NULL, NULL);
INSERT INTO student_incentive_plan."user" (id, first_name, last_name, email, password, date_of_birth, user_type, is_active, user_group) VALUES (236, 'Aura', 'Codi', 'acodi6j@symantec.com', 'test', '1985-07-17', 'Teacher', NULL, NULL);
INSERT INTO student_incentive_plan."user" (id, first_name, last_name, email, password, date_of_birth, user_type, is_active, user_group) VALUES (240, 'Zacherie', 'Innocenti', 'zinnocenti6n@twitter.com', 'test', '1998-04-02', 'Teacher', NULL, NULL);
INSERT INTO student_incentive_plan."user" (id, first_name, last_name, email, password, date_of_birth, user_type, is_active, user_group) VALUES (243, 'Osmund', 'Jerzyk', 'ojerzyk6q@tiny.cc', 'test', '2006-04-05', 'Teacher', NULL, NULL);
INSERT INTO student_incentive_plan."user" (id, first_name, last_name, email, password, date_of_birth, user_type, is_active, user_group) VALUES (247, 'Keelby', 'Beams', 'kbeams6u@flavors.me', 'test', '2020-06-28', 'Teacher', NULL, NULL);
INSERT INTO student_incentive_plan."user" (id, first_name, last_name, email, password, date_of_birth, user_type, is_active, user_group) VALUES (250, 'Gael', 'Hedworth', 'ghedworth6x@joomla.org', 'test', '2033-07-24', 'Teacher', NULL, NULL);
INSERT INTO student_incentive_plan."user" (id, first_name, last_name, email, password, date_of_birth, user_type, is_active, user_group) VALUES (254, 'Tedman', 'Farnon', 'tfarnon71@soup.io', 'test', '2067-02-25', 'Teacher', NULL, NULL);
INSERT INTO student_incentive_plan."user" (id, first_name, last_name, email, password, date_of_birth, user_type, is_active, user_group) VALUES (257, 'Conrad', 'Champness', 'cchampness74@xrea.com', 'test', '2013-03-11', 'Teacher', NULL, NULL);
INSERT INTO student_incentive_plan."user" (id, first_name, last_name, email, password, date_of_birth, user_type, is_active, user_group) VALUES (261, 'Olia', 'Gorsse', 'ogorsse78@ox.ac.uk', 'test', '2033-04-02', 'Teacher', NULL, NULL);
INSERT INTO student_incentive_plan."user" (id, first_name, last_name, email, password, date_of_birth, user_type, is_active, user_group) VALUES (264, 'Kayne', 'Peever', 'kpeever7b@flickr.com', 'test', '2030-04-12', 'Teacher', NULL, NULL);
INSERT INTO student_incentive_plan."user" (id, first_name, last_name, email, password, date_of_birth, user_type, is_active, user_group) VALUES (268, 'Devland', 'Gemeau', 'dgemeau7f@blogs.com', 'test', '2062-09-01', 'Teacher', NULL, NULL);
INSERT INTO student_incentive_plan."user" (id, first_name, last_name, email, password, date_of_birth, user_type, is_active, user_group) VALUES (271, 'Hector', 'Tressler', 'htressler7i@bbc.co.uk', 'test', '2042-01-09', 'Teacher', NULL, NULL);
INSERT INTO student_incentive_plan."user" (id, first_name, last_name, email, password, date_of_birth, user_type, is_active, user_group) VALUES (188, 'Giorgia', 'Tinsley', 'gtinsley57@is.gd', 'test', '2046-03-25', 'Student', NULL, NULL);
INSERT INTO student_incentive_plan."user" (id, first_name, last_name, email, password, date_of_birth, user_type, is_active, user_group) VALUES (192, 'Devonne', 'Le Clercq', 'dleclercq5b@about.me', 'test', '2019-12-21', 'Student', NULL, NULL);
INSERT INTO student_incentive_plan."user" (id, first_name, last_name, email, password, date_of_birth, user_type, is_active, user_group) VALUES (195, 'Dan', 'Gaywood', 'dgaywood5e@geocities.com', 'test', '2066-02-20', 'Student', NULL, NULL);
INSERT INTO student_incentive_plan."user" (id, first_name, last_name, email, password, date_of_birth, user_type, is_active, user_group) VALUES (199, 'Carree', 'Crighton', 'ccrighton5i@prweb.com', 'test', '1970-09-04', 'Student', NULL, NULL);
INSERT INTO student_incentive_plan."user" (id, first_name, last_name, email, password, date_of_birth, user_type, is_active, user_group) VALUES (202, 'Giacopo', 'Tupman', 'gtupman5l@ycombinator.com', 'test', '2012-06-20', 'Student', NULL, NULL);
INSERT INTO student_incentive_plan."user" (id, first_name, last_name, email, password, date_of_birth, user_type, is_active, user_group) VALUES (206, 'Addi', 'Gludor', 'agludor5p@ed.gov', 'test', '2019-02-24', 'Student', NULL, NULL);
INSERT INTO student_incentive_plan."user" (id, first_name, last_name, email, password, date_of_birth, user_type, is_active, user_group) VALUES (209, 'Cathrine', 'Cornforth', 'ccornforth5s@amazon.co.uk', 'test', '2011-04-26', 'Student', NULL, NULL);
INSERT INTO student_incentive_plan."user" (id, first_name, last_name, email, password, date_of_birth, user_type, is_active, user_group) VALUES (213, 'Katinka', 'Ballintyne', 'kballintyne5w@ycombinator.com', 'test', '2050-07-26', 'Student', NULL, NULL);
INSERT INTO student_incentive_plan."user" (id, first_name, last_name, email, password, date_of_birth, user_type, is_active, user_group) VALUES (216, 'Mandel', 'Phippard', 'mphippard5z@opensource.org', 'test', '2005-01-17', 'Student', NULL, NULL);
INSERT INTO student_incentive_plan."user" (id, first_name, last_name, email, password, date_of_birth, user_type, is_active, user_group) VALUES (220, 'Donnie', 'Tabour', 'dtabour63@themeforest.net', 'test', '2062-04-04', 'Student', NULL, NULL);
INSERT INTO student_incentive_plan."user" (id, first_name, last_name, email, password, date_of_birth, user_type, is_active, user_group) VALUES (223, 'Ronny', 'O'' Driscoll', 'rodriscoll66@virginia.edu', 'test', '2004-10-19', 'Student', NULL, NULL);
INSERT INTO student_incentive_plan."user" (id, first_name, last_name, email, password, date_of_birth, user_type, is_active, user_group) VALUES (275, 'Francklin', 'Fison', 'ffison7m@last.fm', 'test', '2002-04-06', 'Teacher', NULL, NULL);
INSERT INTO student_incentive_plan."user" (id, first_name, last_name, email, password, date_of_birth, user_type, is_active, user_group) VALUES (278, 'Boony', 'Toping', 'btoping7p@rakuten.co.jp', 'test', '1998-05-12', 'Teacher', NULL, NULL);
INSERT INTO student_incentive_plan."user" (id, first_name, last_name, email, password, date_of_birth, user_type, is_active, user_group) VALUES (282, 'Ivy', 'Sexon', 'isexon7t@ebay.co.uk', 'test', '2067-12-24', 'Teacher', NULL, NULL);
INSERT INTO student_incentive_plan."user" (id, first_name, last_name, email, password, date_of_birth, user_type, is_active, user_group) VALUES (285, 'Shanon', 'Tookill', 'stookill7w@businesswire.com', 'test', '1999-09-19', 'Teacher', NULL, NULL);
INSERT INTO student_incentive_plan."user" (id, first_name, last_name, email, password, date_of_birth, user_type, is_active, user_group) VALUES (289, 'Charyl', 'Archdeckne', 'carchdeckne80@webeden.co.uk', 'test', '2024-06-05', 'Teacher', NULL, NULL);
INSERT INTO student_incentive_plan."user" (id, first_name, last_name, email, password, date_of_birth, user_type, is_active, user_group) VALUES (292, 'Margarette', 'Bacop', 'mbacop83@unicef.org', 'test', '2014-03-02', 'Teacher', NULL, NULL);
INSERT INTO student_incentive_plan."user" (id, first_name, last_name, email, password, date_of_birth, user_type, is_active, user_group) VALUES (296, 'Willdon', 'Lente', 'wlente87@symantec.com', 'test', '1972-02-28', 'Teacher', NULL, NULL);
INSERT INTO student_incentive_plan."user" (id, first_name, last_name, email, password, date_of_birth, user_type, is_active, user_group) VALUES (299, 'Marji', 'Corse', 'mcorse8a@over-blog.com', 'test', '2050-07-16', 'Teacher', NULL, NULL);
INSERT INTO student_incentive_plan."user" (id, first_name, last_name, email, password, date_of_birth, user_type, is_active, user_group) VALUES (303, 'Cornall', 'Ticehurst', 'cticehurst8e@irs.gov', 'test', '2012-01-17', 'Teacher', NULL, NULL);
INSERT INTO student_incentive_plan."user" (id, first_name, last_name, email, password, date_of_birth, user_type, is_active, user_group) VALUES (306, 'Robinson', 'Soden', 'rsoden8h@surveymonkey.com', 'test', '2014-03-28', 'Teacher', NULL, NULL);
INSERT INTO student_incentive_plan."user" (id, first_name, last_name, email, password, date_of_birth, user_type, is_active, user_group) VALUES (310, 'Sallie', 'Galego', 'sgalego8l@blogger.com', 'test', '2024-10-05', 'Teacher', NULL, NULL);
INSERT INTO student_incentive_plan."user" (id, first_name, last_name, email, password, date_of_birth, user_type, is_active, user_group) VALUES (313, 'Rea', 'Chanders', 'rchanders8o@simplemachines.org', 'test', '2013-08-11', 'Teacher', NULL, NULL);
INSERT INTO student_incentive_plan."user" (id, first_name, last_name, email, password, date_of_birth, user_type, is_active, user_group) VALUES (317, 'Lavinie', 'Itzkovwitch', 'litzkovwitch8s@who.int', 'test', '2013-07-24', 'Teacher', NULL, NULL);
INSERT INTO student_incentive_plan."user" (id, first_name, last_name, email, password, date_of_birth, user_type, is_active, user_group) VALUES (320, 'Tiebold', 'Tollemache', 'ttollemache8v@homestead.com', 'test', '2021-01-14', 'Teacher', NULL, NULL);
INSERT INTO student_incentive_plan."user" (id, first_name, last_name, email, password, date_of_birth, user_type, is_active, user_group) VALUES (324, 'Madonna', 'Foot', 'mfoot8z@wufoo.com', 'test', '2020-09-05', 'Teacher', NULL, NULL);
INSERT INTO student_incentive_plan."user" (id, first_name, last_name, email, password, date_of_birth, user_type, is_active, user_group) VALUES (327, 'Darlene', 'Hue', 'dhue92@hud.gov', 'test', '2010-11-29', 'Teacher', NULL, NULL);
INSERT INTO student_incentive_plan."user" (id, first_name, last_name, email, password, date_of_birth, user_type, is_active, user_group) VALUES (331, 'Marcela', 'Chaucer', 'mchaucer96@51.la', 'test', '2017-03-04', 'Teacher', NULL, NULL);
INSERT INTO student_incentive_plan."user" (id, first_name, last_name, email, password, date_of_birth, user_type, is_active, user_group) VALUES (334, 'Lucky', 'Moyser', 'lmoyser99@nsw.gov.au', 'test', '1974-01-21', 'Teacher', NULL, NULL);
INSERT INTO student_incentive_plan."user" (id, first_name, last_name, email, password, date_of_birth, user_type, is_active, user_group) VALUES (338, 'Merv', 'Ibbison', 'mibbison9d@gravatar.com', 'test', '2064-09-20', 'Teacher', NULL, NULL);
INSERT INTO student_incentive_plan."user" (id, first_name, last_name, email, password, date_of_birth, user_type, is_active, user_group) VALUES (341, 'Ingunna', 'Pastor', 'ipastor9g@bluehost.com', 'test', '1994-11-12', 'Teacher', NULL, NULL);
INSERT INTO student_incentive_plan."user" (id, first_name, last_name, email, password, date_of_birth, user_type, is_active, user_group) VALUES (345, 'Dorothea', 'Semper', 'dsemper9k@google.es', 'test', '2023-02-05', 'Teacher', NULL, NULL);
INSERT INTO student_incentive_plan."user" (id, first_name, last_name, email, password, date_of_birth, user_type, is_active, user_group) VALUES (348, 'Elmore', 'Fernant', 'efernant9n@hao123.com', 'test', '2012-11-09', 'Teacher', NULL, NULL);
INSERT INTO student_incentive_plan."user" (id, first_name, last_name, email, password, date_of_birth, user_type, is_active, user_group) VALUES (352, 'Dwight', 'Oneal', 'doneal9r@wix.com', 'test', '2069-08-03', 'Teacher', NULL, NULL);
INSERT INTO student_incentive_plan."user" (id, first_name, last_name, email, password, date_of_birth, user_type, is_active, user_group) VALUES (355, 'Brandi', 'Baysting', 'bbaysting9u@msu.edu', 'test', '2012-01-25', 'Teacher', NULL, NULL);
INSERT INTO student_incentive_plan."user" (id, first_name, last_name, email, password, date_of_birth, user_type, is_active, user_group) VALUES (359, 'Elissa', 'Plaskett', 'eplaskett9y@surveymonkey.com', 'test', '2021-09-24', 'Teacher', NULL, NULL);
INSERT INTO student_incentive_plan."user" (id, first_name, last_name, email, password, date_of_birth, user_type, is_active, user_group) VALUES (276, 'Sena', 'Ruddiman', 'sruddiman7n@tiny.cc', 'test', '2010-11-22', 'Student', NULL, NULL);
INSERT INTO student_incentive_plan."user" (id, first_name, last_name, email, password, date_of_birth, user_type, is_active, user_group) VALUES (279, 'Rebecka', 'Dinnage', 'rdinnage7q@nps.gov', 'test', '2010-12-05', 'Student', NULL, NULL);
INSERT INTO student_incentive_plan."user" (id, first_name, last_name, email, password, date_of_birth, user_type, is_active, user_group) VALUES (283, 'Kendrick', 'Form', 'kform7u@360.cn', 'test', '2033-11-26', 'Student', NULL, NULL);
INSERT INTO student_incentive_plan."user" (id, first_name, last_name, email, password, date_of_birth, user_type, is_active, user_group) VALUES (286, 'Tracee', 'Mochar', 'tmochar7x@wired.com', 'test', '2000-07-22', 'Student', NULL, NULL);
INSERT INTO student_incentive_plan."user" (id, first_name, last_name, email, password, date_of_birth, user_type, is_active, user_group) VALUES (290, 'Kellby', 'D''Orsay', 'kdorsay81@webmd.com', 'test', '2023-04-15', 'Student', NULL, NULL);
INSERT INTO student_incentive_plan."user" (id, first_name, last_name, email, password, date_of_birth, user_type, is_active, user_group) VALUES (293, 'Doreen', 'O''Devey', 'dodevey84@mashable.com', 'test', '2047-03-14', 'Student', NULL, NULL);
INSERT INTO student_incentive_plan."user" (id, first_name, last_name, email, password, date_of_birth, user_type, is_active, user_group) VALUES (297, 'Salaidh', 'Veivers', 'sveivers88@blog.com', 'test', '2018-05-15', 'Student', NULL, NULL);
INSERT INTO student_incentive_plan."user" (id, first_name, last_name, email, password, date_of_birth, user_type, is_active, user_group) VALUES (300, 'Marylynne', 'Gookey', 'mgookey8b@ameblo.jp', 'test', '2054-01-08', 'Student', NULL, NULL);
INSERT INTO student_incentive_plan."user" (id, first_name, last_name, email, password, date_of_birth, user_type, is_active, user_group) VALUES (304, 'Aveline', 'Huikerby', 'ahuikerby8f@w3.org', 'test', '1989-09-27', 'Student', NULL, NULL);
INSERT INTO student_incentive_plan."user" (id, first_name, last_name, email, password, date_of_birth, user_type, is_active, user_group) VALUES (307, 'Sigmund', 'Davidovic', 'sdavidovic8i@weibo.com', 'test', '2007-03-03', 'Student', NULL, NULL);
INSERT INTO student_incentive_plan."user" (id, first_name, last_name, email, password, date_of_birth, user_type, is_active, user_group) VALUES (362, 'Grethel', 'Aery', 'gaerya1@wired.com', 'test', '2024-12-14', 'Teacher', NULL, NULL);
INSERT INTO student_incentive_plan."user" (id, first_name, last_name, email, password, date_of_birth, user_type, is_active, user_group) VALUES (366, 'Benjy', 'MacChaell', 'bmacchaella5@google.nl', 'test', '2017-01-02', 'Teacher', NULL, NULL);
INSERT INTO student_incentive_plan."user" (id, first_name, last_name, email, password, date_of_birth, user_type, is_active, user_group) VALUES (369, 'Martha', 'Mityakov', 'mmityakova8@wikimedia.org', 'test', '1999-12-30', 'Teacher', NULL, NULL);
INSERT INTO student_incentive_plan."user" (id, first_name, last_name, email, password, date_of_birth, user_type, is_active, user_group) VALUES (373, 'Cobb', 'Hetterich', 'chetterichac@phpbb.com', 'test', '2047-05-25', 'Teacher', NULL, NULL);
INSERT INTO student_incentive_plan."user" (id, first_name, last_name, email, password, date_of_birth, user_type, is_active, user_group) VALUES (376, 'Boone', 'Lamas', 'blamasaf@usnews.com', 'test', '2062-01-29', 'Teacher', NULL, NULL);
INSERT INTO student_incentive_plan."user" (id, first_name, last_name, email, password, date_of_birth, user_type, is_active, user_group) VALUES (380, 'Basilius', 'Akhurst', 'bakhurstaj@parallels.com', 'test', '1992-07-17', 'Teacher', NULL, NULL);
INSERT INTO student_incentive_plan."user" (id, first_name, last_name, email, password, date_of_birth, user_type, is_active, user_group) VALUES (383, 'Freemon', 'Teasdale', 'fteasdaleam@virginia.edu', 'test', '1997-11-22', 'Teacher', NULL, NULL);
INSERT INTO student_incentive_plan."user" (id, first_name, last_name, email, password, date_of_birth, user_type, is_active, user_group) VALUES (387, 'Elisa', 'Dandy', 'edandyaq@hc360.com', 'test', '2005-09-29', 'Teacher', NULL, NULL);
INSERT INTO student_incentive_plan."user" (id, first_name, last_name, email, password, date_of_birth, user_type, is_active, user_group) VALUES (390, 'Derron', 'Tweddell', 'dtweddellat@homestead.com', 'test', '2062-06-05', 'Teacher', NULL, NULL);
INSERT INTO student_incentive_plan."user" (id, first_name, last_name, email, password, date_of_birth, user_type, is_active, user_group) VALUES (394, 'Arabella', 'Reardon', 'areardonax@adobe.com', 'test', '2012-05-04', 'Teacher', NULL, NULL);
INSERT INTO student_incentive_plan."user" (id, first_name, last_name, email, password, date_of_birth, user_type, is_active, user_group) VALUES (397, 'Martino', 'Helsdon', 'mhelsdonb0@ted.com', 'test', '2027-09-14', 'Teacher', NULL, NULL);
INSERT INTO student_incentive_plan."user" (id, first_name, last_name, email, password, date_of_birth, user_type, is_active, user_group) VALUES (401, 'Raynell', 'De Gowe', 'rdegoweb4@mlb.com', 'test', '2049-08-31', 'Teacher', NULL, NULL);
INSERT INTO student_incentive_plan."user" (id, first_name, last_name, email, password, date_of_birth, user_type, is_active, user_group) VALUES (404, 'Vickie', 'Kliner', 'vklinerb7@mayoclinic.com', 'test', '1992-11-02', 'Teacher', NULL, NULL);
INSERT INTO student_incentive_plan."user" (id, first_name, last_name, email, password, date_of_birth, user_type, is_active, user_group) VALUES (408, 'Christina', 'Domnick', 'cdomnickbb@uol.com.br', 'test', '2006-04-11', 'Teacher', NULL, NULL);
INSERT INTO student_incentive_plan."user" (id, first_name, last_name, email, password, date_of_birth, user_type, is_active, user_group) VALUES (411, 'Fredi', 'Merwe', 'fmerwebe@netvibes.com', 'test', '2009-03-07', 'Teacher', NULL, NULL);
INSERT INTO student_incentive_plan."user" (id, first_name, last_name, email, password, date_of_birth, user_type, is_active, user_group) VALUES (415, 'Alex', 'Burgoyne', 'aburgoynebi@bbb.org', 'test', '1978-03-21', 'Teacher', NULL, NULL);
INSERT INTO student_incentive_plan."user" (id, first_name, last_name, email, password, date_of_birth, user_type, is_active, user_group) VALUES (418, 'Dyna', 'Poluzzi', 'dpoluzzibl@foxnews.com', 'test', '2067-04-03', 'Teacher', NULL, NULL);
INSERT INTO student_incentive_plan."user" (id, first_name, last_name, email, password, date_of_birth, user_type, is_active, user_group) VALUES (422, 'Markus', 'Cristofor', 'mcristoforbp@miibeian.gov.cn', 'test', '2023-05-13', 'Teacher', NULL, NULL);
INSERT INTO student_incentive_plan."user" (id, first_name, last_name, email, password, date_of_birth, user_type, is_active, user_group) VALUES (425, 'Mayer', 'Affleck', 'maffleckbs@admin.ch', 'test', '2019-08-22', 'Teacher', NULL, NULL);
INSERT INTO student_incentive_plan."user" (id, first_name, last_name, email, password, date_of_birth, user_type, is_active, user_group) VALUES (429, 'Marcel', 'Sparwell', 'msparwellbw@hao123.com', 'test', '1983-08-15', 'Teacher', NULL, NULL);
INSERT INTO student_incentive_plan."user" (id, first_name, last_name, email, password, date_of_birth, user_type, is_active, user_group) VALUES (432, 'Cobby', 'Jirasek', 'cjirasekbz@virginia.edu', 'test', '1978-01-22', 'Teacher', NULL, NULL);
INSERT INTO student_incentive_plan."user" (id, first_name, last_name, email, password, date_of_birth, user_type, is_active, user_group) VALUES (436, 'Gerrard', 'O''Dempsey', 'godempseyc3@vinaora.com', 'test', '2017-05-10', 'Teacher', NULL, NULL);
INSERT INTO student_incentive_plan."user" (id, first_name, last_name, email, password, date_of_birth, user_type, is_active, user_group) VALUES (439, 'Vanda', 'Parley', 'vparleyc6@apple.com', 'test', '2009-05-21', 'Teacher', NULL, NULL);
INSERT INTO student_incentive_plan."user" (id, first_name, last_name, email, password, date_of_birth, user_type, is_active, user_group) VALUES (443, 'Heinrick', 'Prawle', 'hprawleca@4shared.com', 'test', '2016-04-16', 'Teacher', NULL, NULL);
INSERT INTO student_incentive_plan."user" (id, first_name, last_name, email, password, date_of_birth, user_type, is_active, user_group) VALUES (360, 'Etheline', 'Drinkwater', 'edrinkwater9z@ovh.net', 'test', '2037-01-30', 'Student', NULL, NULL);
INSERT INTO student_incentive_plan."user" (id, first_name, last_name, email, password, date_of_birth, user_type, is_active, user_group) VALUES (363, 'Lars', 'Rannald', 'lrannalda2@clickbank.net', 'test', '2042-12-03', 'Student', NULL, NULL);
INSERT INTO student_incentive_plan."user" (id, first_name, last_name, email, password, date_of_birth, user_type, is_active, user_group) VALUES (367, 'Mark', 'Melly', 'mmellya6@networksolutions.com', 'test', '2013-03-01', 'Student', NULL, NULL);
INSERT INTO student_incentive_plan."user" (id, first_name, last_name, email, password, date_of_birth, user_type, is_active, user_group) VALUES (370, 'Yuri', 'Thurby', 'ythurbya9@feedburner.com', 'test', '2063-01-10', 'Student', NULL, NULL);
INSERT INTO student_incentive_plan."user" (id, first_name, last_name, email, password, date_of_birth, user_type, is_active, user_group) VALUES (374, 'Stearn', 'Middlemiss', 'smiddlemissad@businessinsider.com', 'test', '2020-08-28', 'Student', NULL, NULL);
INSERT INTO student_incentive_plan."user" (id, first_name, last_name, email, password, date_of_birth, user_type, is_active, user_group) VALUES (377, 'Artair', 'Stroulger', 'astroulgerag@sourceforge.net', 'test', '2031-01-11', 'Student', NULL, NULL);
INSERT INTO student_incentive_plan."user" (id, first_name, last_name, email, password, date_of_birth, user_type, is_active, user_group) VALUES (381, 'Marylou', 'Dracksford', 'mdracksfordak@spotify.com', 'test', '2003-08-23', 'Student', NULL, NULL);
INSERT INTO student_incentive_plan."user" (id, first_name, last_name, email, password, date_of_birth, user_type, is_active, user_group) VALUES (384, 'Nicki', 'Chappell', 'nchappellan@berkeley.edu', 'test', '2044-12-16', 'Student', NULL, NULL);
INSERT INTO student_incentive_plan."user" (id, first_name, last_name, email, password, date_of_birth, user_type, is_active, user_group) VALUES (388, 'Osborne', 'Bool', 'oboolar@nyu.edu', 'test', '2047-10-24', 'Student', NULL, NULL);
INSERT INTO student_incentive_plan."user" (id, first_name, last_name, email, password, date_of_birth, user_type, is_active, user_group) VALUES (391, 'Letizia', 'Elgar', 'lelgarau@privacy.gov.au', 'test', '2042-03-15', 'Student', NULL, NULL);
INSERT INTO student_incentive_plan."user" (id, first_name, last_name, email, password, date_of_birth, user_type, is_active, user_group) VALUES (446, 'Idette', 'Prydie', 'iprydiecd@latimes.com', 'test', '2023-07-08', 'Teacher', NULL, NULL);
INSERT INTO student_incentive_plan."user" (id, first_name, last_name, email, password, date_of_birth, user_type, is_active, user_group) VALUES (450, 'Brenda', 'Crain', 'bcrainch@google.com', 'test', '1983-02-14', 'Teacher', NULL, NULL);
INSERT INTO student_incentive_plan."user" (id, first_name, last_name, email, password, date_of_birth, user_type, is_active, user_group) VALUES (453, 'Constantine', 'Vlasov', 'cvlasovck@tinypic.com', 'test', '2068-03-24', 'Teacher', NULL, NULL);
INSERT INTO student_incentive_plan."user" (id, first_name, last_name, email, password, date_of_birth, user_type, is_active, user_group) VALUES (457, 'Carrissa', 'Klimov', 'cklimovco@uiuc.edu', 'test', '1998-01-28', 'Teacher', NULL, NULL);
INSERT INTO student_incentive_plan."user" (id, first_name, last_name, email, password, date_of_birth, user_type, is_active, user_group) VALUES (460, 'Bev', 'Bengall', 'bbengallcr@spotify.com', 'test', '2007-08-08', 'Teacher', NULL, NULL);
INSERT INTO student_incentive_plan."user" (id, first_name, last_name, email, password, date_of_birth, user_type, is_active, user_group) VALUES (464, 'Rozalie', 'Codman', 'rcodmancv@networkadvertising.org', 'test', '2013-08-08', 'Teacher', NULL, NULL);
INSERT INTO student_incentive_plan."user" (id, first_name, last_name, email, password, date_of_birth, user_type, is_active, user_group) VALUES (467, 'Fayre', 'Aimable', 'faimablecy@nasa.gov', 'test', '2041-06-06', 'Teacher', NULL, NULL);
INSERT INTO student_incentive_plan."user" (id, first_name, last_name, email, password, date_of_birth, user_type, is_active, user_group) VALUES (471, 'Dore', 'Howie', 'dhowied2@cbc.ca', 'test', '2035-04-22', 'Teacher', NULL, NULL);
INSERT INTO student_incentive_plan."user" (id, first_name, last_name, email, password, date_of_birth, user_type, is_active, user_group) VALUES (474, 'Maryjo', 'Village', 'mvillaged5@cbc.ca', 'test', '2014-05-14', 'Teacher', NULL, NULL);
INSERT INTO student_incentive_plan."user" (id, first_name, last_name, email, password, date_of_birth, user_type, is_active, user_group) VALUES (478, 'Lois', 'Pentelow', 'lpentelowd9@fotki.com', 'test', '2012-02-25', 'Teacher', NULL, NULL);
INSERT INTO student_incentive_plan."user" (id, first_name, last_name, email, password, date_of_birth, user_type, is_active, user_group) VALUES (481, 'Allie', 'MacAfee', 'amacafeedc@barnesandnoble.com', 'test', '2055-03-09', 'Teacher', NULL, NULL);
INSERT INTO student_incentive_plan."user" (id, first_name, last_name, email, password, date_of_birth, user_type, is_active, user_group) VALUES (485, 'Jenine', 'Dackombe', 'jdackombedg@printfriendly.com', 'test', '2055-09-24', 'Teacher', NULL, NULL);
INSERT INTO student_incentive_plan."user" (id, first_name, last_name, email, password, date_of_birth, user_type, is_active, user_group) VALUES (488, 'Sheila-kathryn', 'Gorvette', 'sgorvettedj@indiatimes.com', 'test', '2020-07-27', 'Teacher', NULL, NULL);
INSERT INTO student_incentive_plan."user" (id, first_name, last_name, email, password, date_of_birth, user_type, is_active, user_group) VALUES (492, 'Joelie', 'Cumberpatch', 'jcumberpatchdn@baidu.com', 'test', '2066-01-07', 'Teacher', NULL, NULL);
INSERT INTO student_incentive_plan."user" (id, first_name, last_name, email, password, date_of_birth, user_type, is_active, user_group) VALUES (495, 'Rickard', 'Jerrim', 'rjerrimdq@cafepress.com', 'test', '2033-01-29', 'Teacher', NULL, NULL);
INSERT INTO student_incentive_plan."user" (id, first_name, last_name, email, password, date_of_birth, user_type, is_active, user_group) VALUES (499, 'Langsdon', 'Ginity', 'lginitydu@vinaora.com', 'test', '2052-10-09', 'Teacher', NULL, NULL);
INSERT INTO student_incentive_plan."user" (id, first_name, last_name, email, password, date_of_birth, user_type, is_active, user_group) VALUES (447, 'Laney', 'Records', 'lrecordsce@npr.org', 'test', '2059-09-18', 'Student', NULL, NULL);
INSERT INTO student_incentive_plan."user" (id, first_name, last_name, email, password, date_of_birth, user_type, is_active, user_group) VALUES (451, 'Salli', 'Loyley', 'sloyleyci@shop-pro.jp', 'test', '2068-01-03', 'Student', NULL, NULL);
INSERT INTO student_incentive_plan."user" (id, first_name, last_name, email, password, date_of_birth, user_type, is_active, user_group) VALUES (454, 'Merry', 'Kellock', 'mkellockcl@oaic.gov.au', 'test', '2016-08-12', 'Student', NULL, NULL);
INSERT INTO student_incentive_plan."user" (id, first_name, last_name, email, password, date_of_birth, user_type, is_active, user_group) VALUES (458, 'Killian', 'McGriele', 'kmcgrielecp@tuttocitta.it', 'test', '2016-03-27', 'Student', NULL, NULL);
INSERT INTO student_incentive_plan."user" (id, first_name, last_name, email, password, date_of_birth, user_type, is_active, user_group) VALUES (461, 'Bernelle', 'Covert', 'bcovertcs@skype.com', 'test', '2038-10-09', 'Student', NULL, NULL);
INSERT INTO student_incentive_plan."user" (id, first_name, last_name, email, password, date_of_birth, user_type, is_active, user_group) VALUES (465, 'Hakim', 'Gurnell', 'hgurnellcw@cpanel.net', 'test', '2008-07-07', 'Student', NULL, NULL);
INSERT INTO student_incentive_plan."user" (id, first_name, last_name, email, password, date_of_birth, user_type, is_active, user_group) VALUES (468, 'Charmain', 'Lexa', 'clexacz@yolasite.com', 'test', '2006-09-03', 'Student', NULL, NULL);
INSERT INTO student_incentive_plan."user" (id, first_name, last_name, email, password, date_of_birth, user_type, is_active, user_group) VALUES (151, 'Sandye', 'Temperton', 'stemperton46@toplist.cz', 'test', '2011-08-11', 'Parent', NULL, NULL);
INSERT INTO student_incentive_plan."user" (id, first_name, last_name, email, password, date_of_birth, user_type, is_active, user_group) VALUES (154, 'Arlee', 'Ingledow', 'aingledow49@google.nl', 'test', '1996-05-24', 'Parent', NULL, NULL);
INSERT INTO student_incentive_plan."user" (id, first_name, last_name, email, password, date_of_birth, user_type, is_active, user_group) VALUES (155, 'Stephani', 'Bellas', 'sbellas4a@whitehouse.gov', 'test', '1999-01-27', 'Parent', NULL, NULL);
INSERT INTO student_incentive_plan."user" (id, first_name, last_name, email, password, date_of_birth, user_type, is_active, user_group) VALUES (158, 'Lazarus', 'Furneaux', 'lfurneaux4d@moonfruit.com', 'test', '2000-03-19', 'Parent', NULL, NULL);
INSERT INTO student_incentive_plan."user" (id, first_name, last_name, email, password, date_of_birth, user_type, is_active, user_group) VALUES (161, 'Ericka', 'Atterbury', 'eatterbury4g@about.com', 'test', '1976-01-19', 'Parent', NULL, NULL);
INSERT INTO student_incentive_plan."user" (id, first_name, last_name, email, password, date_of_birth, user_type, is_active, user_group) VALUES (162, 'Darryl', 'Killbey', 'dkillbey4h@mit.edu', 'test', '2063-04-03', 'Parent', NULL, NULL);
INSERT INTO student_incentive_plan."user" (id, first_name, last_name, email, password, date_of_birth, user_type, is_active, user_group) VALUES (165, 'Jerome', 'Mannock', 'jmannock4k@trellian.com', 'test', '2031-04-12', 'Parent', NULL, NULL);
INSERT INTO student_incentive_plan."user" (id, first_name, last_name, email, password, date_of_birth, user_type, is_active, user_group) VALUES (168, 'Ursulina', 'Broseman', 'ubroseman4n@wiley.com', 'test', '2069-01-05', 'Parent', NULL, NULL);
INSERT INTO student_incentive_plan."user" (id, first_name, last_name, email, password, date_of_birth, user_type, is_active, user_group) VALUES (169, 'Archibald', 'Vales', 'avales4o@blogtalkradio.com', 'test', '2013-06-09', 'Parent', NULL, NULL);
INSERT INTO student_incentive_plan."user" (id, first_name, last_name, email, password, date_of_birth, user_type, is_active, user_group) VALUES (172, 'Calli', 'MacAlpin', 'cmacalpin4r@who.int', 'test', '2025-07-15', 'Parent', NULL, NULL);
INSERT INTO student_incentive_plan."user" (id, first_name, last_name, email, password, date_of_birth, user_type, is_active, user_group) VALUES (175, 'Granny', 'Domingues', 'gdomingues4u@cargocollective.com', 'test', '2061-03-06', 'Parent', NULL, NULL);
INSERT INTO student_incentive_plan."user" (id, first_name, last_name, email, password, date_of_birth, user_type, is_active, user_group) VALUES (176, 'Goddart', 'Riediger', 'griediger4v@virginia.edu', 'test', '2007-09-21', 'Parent', NULL, NULL);
INSERT INTO student_incentive_plan."user" (id, first_name, last_name, email, password, date_of_birth, user_type, is_active, user_group) VALUES (179, 'Silvio', 'Reddish', 'sreddish4y@ehow.com', 'test', '1970-02-25', 'Parent', NULL, NULL);
INSERT INTO student_incentive_plan."user" (id, first_name, last_name, email, password, date_of_birth, user_type, is_active, user_group) VALUES (182, 'Janette', 'Storcke', 'jstorcke51@t-online.de', 'test', '2039-08-05', 'Parent', NULL, NULL);
INSERT INTO student_incentive_plan."user" (id, first_name, last_name, email, password, date_of_birth, user_type, is_active, user_group) VALUES (183, 'Devondra', 'Negro', 'dnegro52@netscape.com', 'test', '2051-09-19', 'Parent', NULL, NULL);
INSERT INTO student_incentive_plan."user" (id, first_name, last_name, email, password, date_of_birth, user_type, is_active, user_group) VALUES (186, 'Freedman', 'Sweynson', 'fsweynson55@youtube.com', 'test', '2051-03-25', 'Parent', NULL, NULL);
INSERT INTO student_incentive_plan."user" (id, first_name, last_name, email, password, date_of_birth, user_type, is_active, user_group) VALUES (189, 'Sherri', 'Howel', 'showel58@themeforest.net', 'test', '2054-09-19', 'Parent', NULL, NULL);
INSERT INTO student_incentive_plan."user" (id, first_name, last_name, email, password, date_of_birth, user_type, is_active, user_group) VALUES (190, 'Netta', 'Stitson', 'nstitson59@blog.com', 'test', '2038-03-08', 'Parent', NULL, NULL);
INSERT INTO student_incentive_plan."user" (id, first_name, last_name, email, password, date_of_birth, user_type, is_active, user_group) VALUES (193, 'Emiline', 'Gartshore', 'egartshore5c@goo.gl', 'test', '1979-10-03', 'Parent', NULL, NULL);
INSERT INTO student_incentive_plan."user" (id, first_name, last_name, email, password, date_of_birth, user_type, is_active, user_group) VALUES (196, 'Damiano', 'Heinritz', 'dheinritz5f@irs.gov', 'test', '2015-06-06', 'Parent', NULL, NULL);
INSERT INTO student_incentive_plan."user" (id, first_name, last_name, email, password, date_of_birth, user_type, is_active, user_group) VALUES (197, 'Christal', 'McDougle', 'cmcdougle5g@paginegialle.it', 'test', '2040-11-16', 'Parent', NULL, NULL);
INSERT INTO student_incentive_plan."user" (id, first_name, last_name, email, password, date_of_birth, user_type, is_active, user_group) VALUES (200, 'Felita', 'Dudin', 'fdudin5j@meetup.com', 'test', '2058-04-13', 'Parent', NULL, NULL);
INSERT INTO student_incentive_plan."user" (id, first_name, last_name, email, password, date_of_birth, user_type, is_active, user_group) VALUES (203, 'Sayers', 'Moss', 'smoss5m@fc2.com', 'test', '1991-12-22', 'Parent', NULL, NULL);
INSERT INTO student_incentive_plan."user" (id, first_name, last_name, email, password, date_of_birth, user_type, is_active, user_group) VALUES (204, 'Sydney', 'Tombling', 'stombling5n@macromedia.com', 'test', '2012-03-03', 'Parent', NULL, NULL);
INSERT INTO student_incentive_plan."user" (id, first_name, last_name, email, password, date_of_birth, user_type, is_active, user_group) VALUES (207, 'Linnet', 'Matschuk', 'lmatschuk5q@drupal.org', 'test', '1983-05-30', 'Parent', NULL, NULL);
INSERT INTO student_incentive_plan."user" (id, first_name, last_name, email, password, date_of_birth, user_type, is_active, user_group) VALUES (210, 'Verile', 'Thecham', 'vthecham5t@oakley.com', 'test', '2059-09-26', 'Parent', NULL, NULL);
INSERT INTO student_incentive_plan."user" (id, first_name, last_name, email, password, date_of_birth, user_type, is_active, user_group) VALUES (211, 'Jule', 'Chitty', 'jchitty5u@seattletimes.com', 'test', '2059-09-02', 'Parent', NULL, NULL);
INSERT INTO student_incentive_plan."user" (id, first_name, last_name, email, password, date_of_birth, user_type, is_active, user_group) VALUES (214, 'Edita', 'Pauling', 'epauling5x@yolasite.com', 'test', '1985-06-23', 'Parent', NULL, NULL);
INSERT INTO student_incentive_plan."user" (id, first_name, last_name, email, password, date_of_birth, user_type, is_active, user_group) VALUES (217, 'Eduino', 'Cackett', 'ecackett60@fema.gov', 'test', '2038-01-15', 'Parent', NULL, NULL);
INSERT INTO student_incentive_plan."user" (id, first_name, last_name, email, password, date_of_birth, user_type, is_active, user_group) VALUES (472, 'Jan', 'Altree', 'jaltreed3@ning.com', 'test', '2062-10-01', 'Student', NULL, NULL);
INSERT INTO student_incentive_plan."user" (id, first_name, last_name, email, password, date_of_birth, user_type, is_active, user_group) VALUES (475, 'Gary', 'Whittick', 'gwhittickd6@ustream.tv', 'test', '2022-04-10', 'Student', NULL, NULL);
INSERT INTO student_incentive_plan."user" (id, first_name, last_name, email, password, date_of_birth, user_type, is_active, user_group) VALUES (479, 'Nickolas', 'Russen', 'nrussenda@google.co.jp', 'test', '2046-09-11', 'Student', NULL, NULL);
INSERT INTO student_incentive_plan."user" (id, first_name, last_name, email, password, date_of_birth, user_type, is_active, user_group) VALUES (482, 'Tonya', 'Scohier', 'tscohierdd@acquirethisname.com', 'test', '2032-07-14', 'Student', NULL, NULL);
INSERT INTO student_incentive_plan."user" (id, first_name, last_name, email, password, date_of_birth, user_type, is_active, user_group) VALUES (486, 'Delcina', 'Povey', 'dpoveydh@t.co', 'test', '2036-06-19', 'Student', NULL, NULL);
INSERT INTO student_incentive_plan."user" (id, first_name, last_name, email, password, date_of_birth, user_type, is_active, user_group) VALUES (489, 'Vaclav', 'Bartkiewicz', 'vbartkiewiczdk@youtube.com', 'test', '2009-06-27', 'Student', NULL, NULL);
INSERT INTO student_incentive_plan."user" (id, first_name, last_name, email, password, date_of_birth, user_type, is_active, user_group) VALUES (493, 'Carlee', 'Aleksandrikin', 'caleksandrikindo@typepad.com', 'test', '1971-09-07', 'Student', NULL, NULL);
INSERT INTO student_incentive_plan."user" (id, first_name, last_name, email, password, date_of_birth, user_type, is_active, user_group) VALUES (496, 'Steffi', 'Stubley', 'sstubleydr@slashdot.org', 'test', '2050-04-08', 'Student', NULL, NULL);
INSERT INTO student_incentive_plan."user" (id, first_name, last_name, email, password, date_of_birth, user_type, is_active, user_group) VALUES (500, 'Amos', 'Shelmardine', 'ashelmardinedv@alibaba.com', 'test', '2003-07-01', 'Student', NULL, NULL);
INSERT INTO student_incentive_plan."user" (id, first_name, last_name, email, password, date_of_birth, user_type, is_active, user_group) VALUES (218, 'Gaylor', 'Fettis', 'gfettis61@cnn.com', 'test', '1989-03-22', 'Parent', NULL, NULL);
INSERT INTO student_incentive_plan."user" (id, first_name, last_name, email, password, date_of_birth, user_type, is_active, user_group) VALUES (221, 'Maure', 'Bauckham', 'mbauckham64@huffingtonpost.com', 'test', '1992-03-21', 'Parent', NULL, NULL);
INSERT INTO student_incentive_plan."user" (id, first_name, last_name, email, password, date_of_birth, user_type, is_active, user_group) VALUES (224, 'Hyacinthe', 'Bottomore', 'hbottomore67@ed.gov', 'test', '2065-12-19', 'Parent', NULL, NULL);
INSERT INTO student_incentive_plan."user" (id, first_name, last_name, email, password, date_of_birth, user_type, is_active, user_group) VALUES (225, 'Amitie', 'Inker', 'ainker68@washington.edu', 'test', '1983-04-06', 'Parent', NULL, NULL);
INSERT INTO student_incentive_plan."user" (id, first_name, last_name, email, password, date_of_birth, user_type, is_active, user_group) VALUES (228, 'Blondie', 'Lube', 'blube6b@sphinn.com', 'test', '1979-10-08', 'Parent', NULL, NULL);
INSERT INTO student_incentive_plan."user" (id, first_name, last_name, email, password, date_of_birth, user_type, is_active, user_group) VALUES (231, 'Erinna', 'Cotherill', 'ecotherill6e@odnoklassniki.ru', 'test', '2009-02-02', 'Parent', NULL, NULL);
INSERT INTO student_incentive_plan."user" (id, first_name, last_name, email, password, date_of_birth, user_type, is_active, user_group) VALUES (232, 'Kalie', 'Massow', 'kmassow6f@networkadvertising.org', 'test', '2026-10-18', 'Parent', NULL, NULL);
INSERT INTO student_incentive_plan."user" (id, first_name, last_name, email, password, date_of_birth, user_type, is_active, user_group) VALUES (235, 'Gwennie', 'Byng', 'gbyng6i@sun.com', 'test', '2006-01-16', 'Parent', NULL, NULL);
INSERT INTO student_incentive_plan."user" (id, first_name, last_name, email, password, date_of_birth, user_type, is_active, user_group) VALUES (238, 'Bartlett', 'Durrad', 'bdurrad6l@clickbank.net', 'test', '1989-02-16', 'Parent', NULL, NULL);
INSERT INTO student_incentive_plan."user" (id, first_name, last_name, email, password, date_of_birth, user_type, is_active, user_group) VALUES (239, 'Emilie', 'Stebbing', 'estebbing6m@networkadvertising.org', 'test', '2022-04-25', 'Parent', NULL, NULL);
INSERT INTO student_incentive_plan."user" (id, first_name, last_name, email, password, date_of_birth, user_type, is_active, user_group) VALUES (242, 'Vallie', 'Flay', 'vflay6p@furl.net', 'test', '2053-04-07', 'Parent', NULL, NULL);
INSERT INTO student_incentive_plan."user" (id, first_name, last_name, email, password, date_of_birth, user_type, is_active, user_group) VALUES (245, 'Edythe', 'Causey', 'ecausey6s@indiegogo.com', 'test', '1999-08-19', 'Parent', NULL, NULL);
INSERT INTO student_incentive_plan."user" (id, first_name, last_name, email, password, date_of_birth, user_type, is_active, user_group) VALUES (246, 'Anthiathia', 'Gibling', 'agibling6t@themeforest.net', 'test', '1999-02-10', 'Parent', NULL, NULL);
INSERT INTO student_incentive_plan."user" (id, first_name, last_name, email, password, date_of_birth, user_type, is_active, user_group) VALUES (249, 'Shea', 'Antonopoulos', 'santonopoulos6w@thetimes.co.uk', 'test', '1982-03-09', 'Parent', NULL, NULL);
INSERT INTO student_incentive_plan."user" (id, first_name, last_name, email, password, date_of_birth, user_type, is_active, user_group) VALUES (252, 'Selig', 'Gallie', 'sgallie6z@nyu.edu', 'test', '1989-12-10', 'Parent', NULL, NULL);
INSERT INTO student_incentive_plan."user" (id, first_name, last_name, email, password, date_of_birth, user_type, is_active, user_group) VALUES (253, 'Jobie', 'Netherwood', 'jnetherwood70@vkontakte.ru', 'test', '2061-03-02', 'Parent', NULL, NULL);
INSERT INTO student_incentive_plan."user" (id, first_name, last_name, email, password, date_of_birth, user_type, is_active, user_group) VALUES (256, 'Marcus', 'Cumesky', 'mcumesky73@springer.com', 'test', '2037-09-05', 'Parent', NULL, NULL);
INSERT INTO student_incentive_plan."user" (id, first_name, last_name, email, password, date_of_birth, user_type, is_active, user_group) VALUES (259, 'Duane', 'Grabb', 'dgrabb76@weather.com', 'test', '2031-09-07', 'Parent', NULL, NULL);
INSERT INTO student_incentive_plan."user" (id, first_name, last_name, email, password, date_of_birth, user_type, is_active, user_group) VALUES (260, 'Sonia', 'Tidbold', 'stidbold77@dmoz.org', 'test', '2007-08-09', 'Parent', NULL, NULL);
INSERT INTO student_incentive_plan."user" (id, first_name, last_name, email, password, date_of_birth, user_type, is_active, user_group) VALUES (263, 'Diana', 'Stuckley', 'dstuckley7a@ovh.net', 'test', '2006-10-17', 'Parent', NULL, NULL);
INSERT INTO student_incentive_plan."user" (id, first_name, last_name, email, password, date_of_birth, user_type, is_active, user_group) VALUES (266, 'Jaime', 'Pullinger', 'jpullinger7d@netlog.com', 'test', '1983-02-04', 'Parent', NULL, NULL);
INSERT INTO student_incentive_plan."user" (id, first_name, last_name, email, password, date_of_birth, user_type, is_active, user_group) VALUES (267, 'Fleur', 'Villar', 'fvillar7e@thetimes.co.uk', 'test', '2043-04-15', 'Parent', NULL, NULL);
INSERT INTO student_incentive_plan."user" (id, first_name, last_name, email, password, date_of_birth, user_type, is_active, user_group) VALUES (270, 'Levi', 'Cruxton', 'lcruxton7h@mediafire.com', 'test', '1982-03-04', 'Parent', NULL, NULL);
INSERT INTO student_incentive_plan."user" (id, first_name, last_name, email, password, date_of_birth, user_type, is_active, user_group) VALUES (273, 'Eugenie', 'Dobeson', 'edobeson7k@xinhuanet.com', 'test', '2018-04-10', 'Parent', NULL, NULL);
INSERT INTO student_incentive_plan."user" (id, first_name, last_name, email, password, date_of_birth, user_type, is_active, user_group) VALUES (274, 'Berkeley', 'Newhouse', 'bnewhouse7l@cdc.gov', 'test', '2066-11-26', 'Parent', NULL, NULL);
INSERT INTO student_incentive_plan."user" (id, first_name, last_name, email, password, date_of_birth, user_type, is_active, user_group) VALUES (277, 'Sabina', 'Ricard', 'sricard7o@smh.com.au', 'test', '2025-01-07', 'Parent', NULL, NULL);
INSERT INTO student_incentive_plan."user" (id, first_name, last_name, email, password, date_of_birth, user_type, is_active, user_group) VALUES (280, 'Carlee', 'Jedrysik', 'cjedrysik7r@deliciousdays.com', 'test', '1975-12-16', 'Parent', NULL, NULL);
INSERT INTO student_incentive_plan."user" (id, first_name, last_name, email, password, date_of_birth, user_type, is_active, user_group) VALUES (281, 'Rozella', 'Reddy', 'rreddy7s@sun.com', 'test', '1982-05-19', 'Parent', NULL, NULL);
INSERT INTO student_incentive_plan."user" (id, first_name, last_name, email, password, date_of_birth, user_type, is_active, user_group) VALUES (284, 'Ewell', 'McMahon', 'emcmahon7v@reddit.com', 'test', '2017-07-18', 'Parent', NULL, NULL);
INSERT INTO student_incentive_plan."user" (id, first_name, last_name, email, password, date_of_birth, user_type, is_active, user_group) VALUES (287, 'Desiree', 'MacElharge', 'dmacelharge7y@prweb.com', 'test', '2037-10-16', 'Parent', NULL, NULL);
INSERT INTO student_incentive_plan."user" (id, first_name, last_name, email, password, date_of_birth, user_type, is_active, user_group) VALUES (288, 'Jessalyn', 'Beccero', 'jbeccero7z@seattletimes.com', 'test', '2002-01-05', 'Parent', NULL, NULL);
INSERT INTO student_incentive_plan."user" (id, first_name, last_name, email, password, date_of_birth, user_type, is_active, user_group) VALUES (291, 'Benn', 'Jenkison', 'bjenkison82@last.fm', 'test', '1999-08-29', 'Parent', NULL, NULL);
INSERT INTO student_incentive_plan."user" (id, first_name, last_name, email, password, date_of_birth, user_type, is_active, user_group) VALUES (294, 'Patrice', 'Quittonden', 'pquittonden85@i2i.jp', 'test', '2032-07-28', 'Parent', NULL, NULL);
INSERT INTO student_incentive_plan."user" (id, first_name, last_name, email, password, date_of_birth, user_type, is_active, user_group) VALUES (295, 'Kaitlynn', 'Simonin', 'ksimonin86@ft.com', 'test', '2037-02-02', 'Parent', NULL, NULL);
INSERT INTO student_incentive_plan."user" (id, first_name, last_name, email, password, date_of_birth, user_type, is_active, user_group) VALUES (298, 'Ruggiero', 'Abbati', 'rabbati89@hibu.com', 'test', '2050-10-17', 'Parent', NULL, NULL);
INSERT INTO student_incentive_plan."user" (id, first_name, last_name, email, password, date_of_birth, user_type, is_active, user_group) VALUES (301, 'Guntar', 'Cheng', 'gcheng8c@sfgate.com', 'test', '2019-05-18', 'Parent', NULL, NULL);
INSERT INTO student_incentive_plan."user" (id, first_name, last_name, email, password, date_of_birth, user_type, is_active, user_group) VALUES (302, 'Bridget', 'Ingold', 'bingold8d@posterous.com', 'test', '2040-10-19', 'Parent', NULL, NULL);
INSERT INTO student_incentive_plan."user" (id, first_name, last_name, email, password, date_of_birth, user_type, is_active, user_group) VALUES (305, 'Carolee', 'Gotliffe', 'cgotliffe8g@comsenz.com', 'test', '2009-06-19', 'Parent', NULL, NULL);
INSERT INTO student_incentive_plan."user" (id, first_name, last_name, email, password, date_of_birth, user_type, is_active, user_group) VALUES (308, 'Darn', 'Brimilcome', 'dbrimilcome8j@wiley.com', 'test', '2002-01-07', 'Parent', NULL, NULL);
INSERT INTO student_incentive_plan."user" (id, first_name, last_name, email, password, date_of_birth, user_type, is_active, user_group) VALUES (309, 'Jaime', 'Botfield', 'jbotfield8k@amazonaws.com', 'test', '2020-09-01', 'Parent', NULL, NULL);
INSERT INTO student_incentive_plan."user" (id, first_name, last_name, email, password, date_of_birth, user_type, is_active, user_group) VALUES (312, 'Mabel', 'Scambler', 'mscambler8n@ucla.edu', 'test', '2036-03-02', 'Parent', NULL, NULL);
INSERT INTO student_incentive_plan."user" (id, first_name, last_name, email, password, date_of_birth, user_type, is_active, user_group) VALUES (315, 'Warner', 'Goldwater', 'wgoldwater8q@technorati.com', 'test', '1974-08-12', 'Parent', NULL, NULL);
INSERT INTO student_incentive_plan."user" (id, first_name, last_name, email, password, date_of_birth, user_type, is_active, user_group) VALUES (316, 'Brianne', 'Schoffler', 'bschoffler8r@drupal.org', 'test', '2059-06-10', 'Parent', NULL, NULL);
INSERT INTO student_incentive_plan."user" (id, first_name, last_name, email, password, date_of_birth, user_type, is_active, user_group) VALUES (319, 'Kristal', 'Choudhury', 'kchoudhury8u@myspace.com', 'test', '2041-01-03', 'Parent', NULL, NULL);
INSERT INTO student_incentive_plan."user" (id, first_name, last_name, email, password, date_of_birth, user_type, is_active, user_group) VALUES (322, 'Marie', 'Dorie', 'mdorie8x@java.com', 'test', '1973-07-01', 'Parent', NULL, NULL);
INSERT INTO student_incentive_plan."user" (id, first_name, last_name, email, password, date_of_birth, user_type, is_active, user_group) VALUES (323, 'Durward', 'Graveston', 'dgraveston8y@noaa.gov', 'test', '2029-07-22', 'Parent', NULL, NULL);
INSERT INTO student_incentive_plan."user" (id, first_name, last_name, email, password, date_of_birth, user_type, is_active, user_group) VALUES (326, 'La verne', 'Hutcheons', 'lhutcheons91@goo.gl', 'test', '1995-02-21', 'Parent', NULL, NULL);
INSERT INTO student_incentive_plan."user" (id, first_name, last_name, email, password, date_of_birth, user_type, is_active, user_group) VALUES (329, 'Alidia', 'Macconachy', 'amacconachy94@nifty.com', 'test', '2030-09-17', 'Parent', NULL, NULL);
INSERT INTO student_incentive_plan."user" (id, first_name, last_name, email, password, date_of_birth, user_type, is_active, user_group) VALUES (330, 'Gare', 'McPharlain', 'gmcpharlain95@prnewswire.com', 'test', '1994-10-11', 'Parent', NULL, NULL);
INSERT INTO student_incentive_plan."user" (id, first_name, last_name, email, password, date_of_birth, user_type, is_active, user_group) VALUES (333, 'Babbie', 'Nizard', 'bnizard98@jiathis.com', 'test', '2044-10-22', 'Parent', NULL, NULL);
INSERT INTO student_incentive_plan."user" (id, first_name, last_name, email, password, date_of_birth, user_type, is_active, user_group) VALUES (336, 'Ardys', 'Curnick', 'acurnick9b@amazonaws.com', 'test', '2015-09-12', 'Parent', NULL, NULL);
INSERT INTO student_incentive_plan."user" (id, first_name, last_name, email, password, date_of_birth, user_type, is_active, user_group) VALUES (337, 'Cyril', 'Lillicrap', 'clillicrap9c@fastcompany.com', 'test', '2010-09-23', 'Parent', NULL, NULL);
INSERT INTO student_incentive_plan."user" (id, first_name, last_name, email, password, date_of_birth, user_type, is_active, user_group) VALUES (340, 'Ewen', 'Dunckley', 'edunckley9f@storify.com', 'test', '2007-12-13', 'Parent', NULL, NULL);
INSERT INTO student_incentive_plan."user" (id, first_name, last_name, email, password, date_of_birth, user_type, is_active, user_group) VALUES (343, 'Diane', 'Marsters', 'dmarsters9i@nbcnews.com', 'test', '2029-11-04', 'Parent', NULL, NULL);
INSERT INTO student_incentive_plan."user" (id, first_name, last_name, email, password, date_of_birth, user_type, is_active, user_group) VALUES (344, 'Birch', 'Brechin', 'bbrechin9j@so-net.ne.jp', 'test', '1970-06-30', 'Parent', NULL, NULL);
INSERT INTO student_incentive_plan."user" (id, first_name, last_name, email, password, date_of_birth, user_type, is_active, user_group) VALUES (347, 'Ofelia', 'Sallarie', 'osallarie9m@gravatar.com', 'test', '1989-02-03', 'Parent', NULL, NULL);
INSERT INTO student_incentive_plan."user" (id, first_name, last_name, email, password, date_of_birth, user_type, is_active, user_group) VALUES (350, 'Hannah', 'Garnson', 'hgarnson9p@pen.io', 'test', '2005-01-14', 'Parent', NULL, NULL);
INSERT INTO student_incentive_plan."user" (id, first_name, last_name, email, password, date_of_birth, user_type, is_active, user_group) VALUES (351, 'Lisette', 'Creany', 'lcreany9q@i2i.jp', 'test', '2053-05-15', 'Parent', NULL, NULL);
INSERT INTO student_incentive_plan."user" (id, first_name, last_name, email, password, date_of_birth, user_type, is_active, user_group) VALUES (354, 'Leyla', 'Hadlington', 'lhadlington9t@sitemeter.com', 'test', '2019-03-15', 'Parent', NULL, NULL);
INSERT INTO student_incentive_plan."user" (id, first_name, last_name, email, password, date_of_birth, user_type, is_active, user_group) VALUES (357, 'Aylmer', 'Rudderham', 'arudderham9w@zimbio.com', 'test', '2027-02-10', 'Parent', NULL, NULL);
INSERT INTO student_incentive_plan."user" (id, first_name, last_name, email, password, date_of_birth, user_type, is_active, user_group) VALUES (358, 'Stevana', 'Eldon', 'seldon9x@hatena.ne.jp', 'test', '2052-12-13', 'Parent', NULL, NULL);
INSERT INTO student_incentive_plan."user" (id, first_name, last_name, email, password, date_of_birth, user_type, is_active, user_group) VALUES (361, 'Dalia', 'Antonijevic', 'dantonijevica0@rambler.ru', 'test', '2060-12-14', 'Parent', NULL, NULL);
INSERT INTO student_incentive_plan."user" (id, first_name, last_name, email, password, date_of_birth, user_type, is_active, user_group) VALUES (364, 'Loise', 'Sudran', 'lsudrana3@admin.ch', 'test', '2066-03-12', 'Parent', NULL, NULL);
INSERT INTO student_incentive_plan."user" (id, first_name, last_name, email, password, date_of_birth, user_type, is_active, user_group) VALUES (365, 'Dorry', 'Yurocjkin', 'dyurocjkina4@zdnet.com', 'test', '2042-07-11', 'Parent', NULL, NULL);
INSERT INTO student_incentive_plan."user" (id, first_name, last_name, email, password, date_of_birth, user_type, is_active, user_group) VALUES (368, 'Brnaba', 'Doorey', 'bdooreya7@flickr.com', 'test', '2023-10-06', 'Parent', NULL, NULL);
INSERT INTO student_incentive_plan."user" (id, first_name, last_name, email, password, date_of_birth, user_type, is_active, user_group) VALUES (371, 'Loni', 'Jerdon', 'ljerdonaa@va.gov', 'test', '1974-08-15', 'Parent', NULL, NULL);
INSERT INTO student_incentive_plan."user" (id, first_name, last_name, email, password, date_of_birth, user_type, is_active, user_group) VALUES (372, 'Daria', 'Munsey', 'dmunseyab@tumblr.com', 'test', '1974-10-11', 'Parent', NULL, NULL);
INSERT INTO student_incentive_plan."user" (id, first_name, last_name, email, password, date_of_birth, user_type, is_active, user_group) VALUES (375, 'Leilah', 'Blench', 'lblenchae@yale.edu', 'test', '2051-02-18', 'Parent', NULL, NULL);
INSERT INTO student_incentive_plan."user" (id, first_name, last_name, email, password, date_of_birth, user_type, is_active, user_group) VALUES (378, 'Alvie', 'Perris', 'aperrisah@microsoft.com', 'test', '1972-01-21', 'Parent', NULL, NULL);
INSERT INTO student_incentive_plan."user" (id, first_name, last_name, email, password, date_of_birth, user_type, is_active, user_group) VALUES (379, 'Kristoforo', 'Sandbrook', 'ksandbrookai@goo.gl', 'test', '2018-04-20', 'Parent', NULL, NULL);
INSERT INTO student_incentive_plan."user" (id, first_name, last_name, email, password, date_of_birth, user_type, is_active, user_group) VALUES (382, 'Cal', 'Ashton', 'cashtonal@fda.gov', 'test', '1984-05-14', 'Parent', NULL, NULL);
INSERT INTO student_incentive_plan."user" (id, first_name, last_name, email, password, date_of_birth, user_type, is_active, user_group) VALUES (385, 'Nickie', 'Dudding', 'nduddingao@europa.eu', 'test', '2021-01-10', 'Parent', NULL, NULL);
INSERT INTO student_incentive_plan."user" (id, first_name, last_name, email, password, date_of_birth, user_type, is_active, user_group) VALUES (386, 'Kile', 'Thonger', 'kthongerap@cyberchimps.com', 'test', '2043-11-05', 'Parent', NULL, NULL);
INSERT INTO student_incentive_plan."user" (id, first_name, last_name, email, password, date_of_birth, user_type, is_active, user_group) VALUES (389, 'Merline', 'Ferronel', 'mferronelas@ft.com', 'test', '2029-10-05', 'Parent', NULL, NULL);
INSERT INTO student_incentive_plan."user" (id, first_name, last_name, email, password, date_of_birth, user_type, is_active, user_group) VALUES (392, 'Honey', 'Barens', 'hbarensav@ft.com', 'test', '2009-09-23', 'Parent', NULL, NULL);
INSERT INTO student_incentive_plan."user" (id, first_name, last_name, email, password, date_of_birth, user_type, is_active, user_group) VALUES (393, 'Corliss', 'Cabane', 'ccabaneaw@chicagotribune.com', 'test', '2025-09-25', 'Parent', NULL, NULL);
INSERT INTO student_incentive_plan."user" (id, first_name, last_name, email, password, date_of_birth, user_type, is_active, user_group) VALUES (396, 'Lonee', 'Ertel', 'lertelaz@xing.com', 'test', '2010-12-12', 'Parent', NULL, NULL);
INSERT INTO student_incentive_plan."user" (id, first_name, last_name, email, password, date_of_birth, user_type, is_active, user_group) VALUES (399, 'Georgine', 'Coade', 'gcoadeb2@seattletimes.com', 'test', '2020-01-06', 'Parent', NULL, NULL);
INSERT INTO student_incentive_plan."user" (id, first_name, last_name, email, password, date_of_birth, user_type, is_active, user_group) VALUES (400, 'Isacco', 'Flahy', 'iflahyb3@friendfeed.com', 'test', '1979-11-23', 'Parent', NULL, NULL);
INSERT INTO student_incentive_plan."user" (id, first_name, last_name, email, password, date_of_birth, user_type, is_active, user_group) VALUES (403, 'Hedwiga', 'Molden', 'hmoldenb6@addtoany.com', 'test', '2020-06-27', 'Parent', NULL, NULL);
INSERT INTO student_incentive_plan."user" (id, first_name, last_name, email, password, date_of_birth, user_type, is_active, user_group) VALUES (406, 'Tilly', 'Richmont', 'trichmontb9@yellowpages.com', 'test', '2021-07-27', 'Parent', NULL, NULL);
INSERT INTO student_incentive_plan."user" (id, first_name, last_name, email, password, date_of_birth, user_type, is_active, user_group) VALUES (407, 'Norine', 'Odom', 'nodomba@scribd.com', 'test', '1973-01-09', 'Parent', NULL, NULL);
INSERT INTO student_incentive_plan."user" (id, first_name, last_name, email, password, date_of_birth, user_type, is_active, user_group) VALUES (410, 'Bobbe', 'Elliott', 'belliottbd@gmpg.org', 'test', '2001-04-22', 'Parent', NULL, NULL);
INSERT INTO student_incentive_plan."user" (id, first_name, last_name, email, password, date_of_birth, user_type, is_active, user_group) VALUES (413, 'Deva', 'Dennerley', 'ddennerleybg@mlb.com', 'test', '1981-08-17', 'Parent', NULL, NULL);
INSERT INTO student_incentive_plan."user" (id, first_name, last_name, email, password, date_of_birth, user_type, is_active, user_group) VALUES (414, 'Eolanda', 'Clethro', 'eclethrobh@surveymonkey.com', 'test', '1981-11-17', 'Parent', NULL, NULL);
INSERT INTO student_incentive_plan."user" (id, first_name, last_name, email, password, date_of_birth, user_type, is_active, user_group) VALUES (417, 'Krishnah', 'Robottom', 'krobottombk@ehow.com', 'test', '2020-12-14', 'Parent', NULL, NULL);
INSERT INTO student_incentive_plan."user" (id, first_name, last_name, email, password, date_of_birth, user_type, is_active, user_group) VALUES (420, 'Suellen', 'Steiner', 'ssteinerbn@google.co.jp', 'test', '1996-05-05', 'Parent', NULL, NULL);
INSERT INTO student_incentive_plan."user" (id, first_name, last_name, email, password, date_of_birth, user_type, is_active, user_group) VALUES (421, 'Merv', 'Kiwitz', 'mkiwitzbo@fda.gov', 'test', '2017-10-03', 'Parent', NULL, NULL);
INSERT INTO student_incentive_plan."user" (id, first_name, last_name, email, password, date_of_birth, user_type, is_active, user_group) VALUES (424, 'Haroun', 'Chrichton', 'hchrichtonbr@weibo.com', 'test', '2038-07-01', 'Parent', NULL, NULL);
INSERT INTO student_incentive_plan."user" (id, first_name, last_name, email, password, date_of_birth, user_type, is_active, user_group) VALUES (427, 'Tressa', 'Scholfield', 'tscholfieldbu@topsy.com', 'test', '2023-05-19', 'Parent', NULL, NULL);
INSERT INTO student_incentive_plan."user" (id, first_name, last_name, email, password, date_of_birth, user_type, is_active, user_group) VALUES (428, 'Cirstoforo', 'Hawtrey', 'chawtreybv@wufoo.com', 'test', '2046-02-07', 'Parent', NULL, NULL);
INSERT INTO student_incentive_plan."user" (id, first_name, last_name, email, password, date_of_birth, user_type, is_active, user_group) VALUES (431, 'Mikkel', 'Langfield', 'mlangfieldby@sphinn.com', 'test', '2059-01-24', 'Parent', NULL, NULL);
INSERT INTO student_incentive_plan."user" (id, first_name, last_name, email, password, date_of_birth, user_type, is_active, user_group) VALUES (434, 'Carroll', 'McWhorter', 'cmcwhorterc1@independent.co.uk', 'test', '2002-11-19', 'Parent', NULL, NULL);
INSERT INTO student_incentive_plan."user" (id, first_name, last_name, email, password, date_of_birth, user_type, is_active, user_group) VALUES (435, 'Roseann', 'Rees', 'rreesc2@skype.com', 'test', '2040-01-02', 'Parent', NULL, NULL);
INSERT INTO student_incentive_plan."user" (id, first_name, last_name, email, password, date_of_birth, user_type, is_active, user_group) VALUES (438, 'Krysta', 'Figgess', 'kfiggessc5@prlog.org', 'test', '2052-03-15', 'Parent', NULL, NULL);
INSERT INTO student_incentive_plan."user" (id, first_name, last_name, email, password, date_of_birth, user_type, is_active, user_group) VALUES (441, 'Kristen', 'Ghilks', 'kghilksc8@loc.gov', 'test', '2001-05-02', 'Parent', NULL, NULL);
INSERT INTO student_incentive_plan."user" (id, first_name, last_name, email, password, date_of_birth, user_type, is_active, user_group) VALUES (442, 'Malinde', 'Flattman', 'mflattmanc9@dailymail.co.uk', 'test', '2002-01-22', 'Parent', NULL, NULL);
INSERT INTO student_incentive_plan."user" (id, first_name, last_name, email, password, date_of_birth, user_type, is_active, user_group) VALUES (445, 'Lizette', 'Hurworth', 'lhurworthcc@npr.org', 'test', '2003-03-13', 'Parent', NULL, NULL);
INSERT INTO student_incentive_plan."user" (id, first_name, last_name, email, password, date_of_birth, user_type, is_active, user_group) VALUES (448, 'Spenser', 'Groocock', 'sgroocockcf@nationalgeographic.com', 'test', '2022-03-08', 'Parent', NULL, NULL);
INSERT INTO student_incentive_plan."user" (id, first_name, last_name, email, password, date_of_birth, user_type, is_active, user_group) VALUES (449, 'Tate', 'Perschke', 'tperschkecg@nasa.gov', 'test', '2028-06-18', 'Parent', NULL, NULL);
INSERT INTO student_incentive_plan."user" (id, first_name, last_name, email, password, date_of_birth, user_type, is_active, user_group) VALUES (452, 'Tripp', 'MacRorie', 'tmacroriecj@cocolog-nifty.com', 'test', '2049-08-12', 'Parent', NULL, NULL);
INSERT INTO student_incentive_plan."user" (id, first_name, last_name, email, password, date_of_birth, user_type, is_active, user_group) VALUES (455, 'Alric', 'Frail', 'afrailcm@biblegateway.com', 'test', '2028-08-05', 'Parent', NULL, NULL);
INSERT INTO student_incentive_plan."user" (id, first_name, last_name, email, password, date_of_birth, user_type, is_active, user_group) VALUES (456, 'Otto', 'Jansen', 'ojansencn@ebay.com', 'test', '2008-09-10', 'Parent', NULL, NULL);
INSERT INTO student_incentive_plan."user" (id, first_name, last_name, email, password, date_of_birth, user_type, is_active, user_group) VALUES (459, 'Kaila', 'Nequest', 'knequestcq@mac.com', 'test', '2017-03-09', 'Parent', NULL, NULL);
INSERT INTO student_incentive_plan."user" (id, first_name, last_name, email, password, date_of_birth, user_type, is_active, user_group) VALUES (462, 'Cyrille', 'McArte', 'cmcartect@wiley.com', 'test', '1970-08-08', 'Parent', NULL, NULL);
INSERT INTO student_incentive_plan."user" (id, first_name, last_name, email, password, date_of_birth, user_type, is_active, user_group) VALUES (463, 'Janis', 'Fillary', 'jfillarycu@lulu.com', 'test', '2014-05-26', 'Parent', NULL, NULL);
INSERT INTO student_incentive_plan."user" (id, first_name, last_name, email, password, date_of_birth, user_type, is_active, user_group) VALUES (466, 'Thatch', 'Coldrick', 'tcoldrickcx@xinhuanet.com', 'test', '2063-07-02', 'Parent', NULL, NULL);
INSERT INTO student_incentive_plan."user" (id, first_name, last_name, email, password, date_of_birth, user_type, is_active, user_group) VALUES (469, 'Conny', 'Poppleston', 'cpopplestond0@ucoz.com', 'test', '2061-11-23', 'Parent', NULL, NULL);
INSERT INTO student_incentive_plan."user" (id, first_name, last_name, email, password, date_of_birth, user_type, is_active, user_group) VALUES (470, 'Blinni', 'List', 'blistd1@purevolume.com', 'test', '1999-05-15', 'Parent', NULL, NULL);
INSERT INTO student_incentive_plan."user" (id, first_name, last_name, email, password, date_of_birth, user_type, is_active, user_group) VALUES (473, 'Daron', 'Oehme', 'doehmed4@skype.com', 'test', '1998-08-17', 'Parent', NULL, NULL);
INSERT INTO student_incentive_plan."user" (id, first_name, last_name, email, password, date_of_birth, user_type, is_active, user_group) VALUES (476, 'Edita', 'Pride', 'eprided7@slate.com', 'test', '2025-01-26', 'Parent', NULL, NULL);
INSERT INTO student_incentive_plan."user" (id, first_name, last_name, email, password, date_of_birth, user_type, is_active, user_group) VALUES (477, 'Misha', 'McClymond', 'mmcclymondd8@hc360.com', 'test', '2058-06-11', 'Parent', NULL, NULL);
INSERT INTO student_incentive_plan."user" (id, first_name, last_name, email, password, date_of_birth, user_type, is_active, user_group) VALUES (480, 'Collie', 'Moorman', 'cmoormandb@shop-pro.jp', 'test', '1993-03-28', 'Parent', NULL, NULL);
INSERT INTO student_incentive_plan."user" (id, first_name, last_name, email, password, date_of_birth, user_type, is_active, user_group) VALUES (483, 'Theo', 'Davio', 'tdaviode@bing.com', 'test', '2015-12-25', 'Parent', NULL, NULL);
INSERT INTO student_incentive_plan."user" (id, first_name, last_name, email, password, date_of_birth, user_type, is_active, user_group) VALUES (484, 'Gale', 'Hallede', 'ghallededf@typepad.com', 'test', '1971-09-29', 'Parent', NULL, NULL);
INSERT INTO student_incentive_plan."user" (id, first_name, last_name, email, password, date_of_birth, user_type, is_active, user_group) VALUES (487, 'Yorker', 'Zannotti', 'yzannottidi@cocolog-nifty.com', 'test', '2036-04-16', 'Parent', NULL, NULL);
INSERT INTO student_incentive_plan."user" (id, first_name, last_name, email, password, date_of_birth, user_type, is_active, user_group) VALUES (490, 'Davie', 'Bethell', 'dbethelldl@princeton.edu', 'test', '2015-05-08', 'Parent', NULL, NULL);
INSERT INTO student_incentive_plan."user" (id, first_name, last_name, email, password, date_of_birth, user_type, is_active, user_group) VALUES (491, 'Lindsy', 'Corbould', 'lcorboulddm@virginia.edu', 'test', '2018-02-16', 'Parent', NULL, NULL);
INSERT INTO student_incentive_plan."user" (id, first_name, last_name, email, password, date_of_birth, user_type, is_active, user_group) VALUES (494, 'Jessika', 'Finding', 'jfindingdp@reference.com', 'test', '2067-06-09', 'Parent', NULL, NULL);
INSERT INTO student_incentive_plan."user" (id, first_name, last_name, email, password, date_of_birth, user_type, is_active, user_group) VALUES (497, 'Amalle', 'Doeg', 'adoegds@ihg.com', 'test', '2021-04-01', 'Parent', NULL, NULL);
INSERT INTO student_incentive_plan."user" (id, first_name, last_name, email, password, date_of_birth, user_type, is_active, user_group) VALUES (498, 'Janaya', 'Westgarth', 'jwestgarthdt@hatena.ne.jp', 'test', '2049-01-18', 'Parent', NULL, NULL);
INSERT INTO student_incentive_plan."user" (id, first_name, last_name, email, password, date_of_birth, user_type, is_active, user_group) VALUES (1, 'Callie', 'Bagby', 'cbagby0@comcast.net', 'test', '2045-11-21', 'Teacher', NULL, NULL);
INSERT INTO student_incentive_plan."user" (id, first_name, last_name, email, password, date_of_birth, user_type, is_active, user_group) VALUES (2, 'Rodrick', 'Castellaccio', 'rcastellaccio1@etsy.com', 'test', '2006-08-18', 'Teacher', NULL, NULL);
INSERT INTO student_incentive_plan."user" (id, first_name, last_name, email, password, date_of_birth, user_type, is_active, user_group) VALUES (3, 'Darb', 'Nudd', 'dnudd2@auda.org.au', 'test', '2018-06-02', 'Teacher', NULL, NULL);
INSERT INTO student_incentive_plan."user" (id, first_name, last_name, email, password, date_of_birth, user_type, is_active, user_group) VALUES (4, 'Hew', 'Arunowicz', 'harunowicz3@cam.ac.uk', 'test', '1984-04-13', 'Teacher', NULL, NULL);
INSERT INTO student_incentive_plan."user" (id, first_name, last_name, email, password, date_of_birth, user_type, is_active, user_group) VALUES (5, 'Korry', 'Edgeley', 'kedgeley4@networksolutions.com', 'test', '2053-10-12', 'Teacher', NULL, NULL);
INSERT INTO student_incentive_plan."user" (id, first_name, last_name, email, password, date_of_birth, user_type, is_active, user_group) VALUES (6, 'Mortimer', 'Andrus', 'mandrus5@toplist.cz', 'test', '2008-01-04', 'Teacher', NULL, NULL);
INSERT INTO student_incentive_plan."user" (id, first_name, last_name, email, password, date_of_birth, user_type, is_active, user_group) VALUES (7, 'Aurelie', 'Ropkins', 'aropkins6@odnoklassniki.ru', 'test', '1993-12-03', 'Teacher', NULL, NULL);
INSERT INTO student_incentive_plan."user" (id, first_name, last_name, email, password, date_of_birth, user_type, is_active, user_group) VALUES (8, 'Jodie', 'Hun', 'jhun7@ftc.gov', 'test', '2036-05-21', 'Teacher', NULL, NULL);
INSERT INTO student_incentive_plan."user" (id, first_name, last_name, email, password, date_of_birth, user_type, is_active, user_group) VALUES (9, 'Tab', 'Poulter', 'tpoulter8@comsenz.com', 'test', '1992-09-19', 'Teacher', NULL, NULL);
INSERT INTO student_incentive_plan."user" (id, first_name, last_name, email, password, date_of_birth, user_type, is_active, user_group) VALUES (10, 'Etti', 'Tumasian', 'etumasian9@ehow.com', 'test', '1998-03-13', 'Teacher', NULL, NULL);
INSERT INTO student_incentive_plan."user" (id, first_name, last_name, email, password, date_of_birth, user_type, is_active, user_group) VALUES (11, 'Juliann', 'Ivanichev', 'jivanicheva@umich.edu', 'test', '2050-03-11', 'Teacher', NULL, NULL);
INSERT INTO student_incentive_plan."user" (id, first_name, last_name, email, password, date_of_birth, user_type, is_active, user_group) VALUES (12, 'Filbert', 'Garm', 'fgarmb@bigcartel.com', 'test', '2056-03-11', 'Teacher', NULL, NULL);
INSERT INTO student_incentive_plan."user" (id, first_name, last_name, email, password, date_of_birth, user_type, is_active, user_group) VALUES (13, 'Marthe', 'Pagitt', 'mpagittc@google.fr', 'test', '2063-07-23', 'Teacher', NULL, NULL);
INSERT INTO student_incentive_plan."user" (id, first_name, last_name, email, password, date_of_birth, user_type, is_active, user_group) VALUES (14, 'Rosy', 'Pavkovic', 'rpavkovicd@posterous.com', 'test', '2038-01-04', 'Teacher', NULL, NULL);
INSERT INTO student_incentive_plan."user" (id, first_name, last_name, email, password, date_of_birth, user_type, is_active, user_group) VALUES (17, 'Franciskus', 'Tollit', 'ftollitg@etsy.com', 'test', '2044-08-05', 'Teacher', NULL, NULL);
INSERT INTO student_incentive_plan."user" (id, first_name, last_name, email, password, date_of_birth, user_type, is_active, user_group) VALUES (18, 'Dov', 'Carradice', 'dcarradiceh@yellowpages.com', 'test', '2018-06-03', 'Teacher', NULL, NULL);
INSERT INTO student_incentive_plan."user" (id, first_name, last_name, email, password, date_of_birth, user_type, is_active, user_group) VALUES (19, 'Zia', 'Simnell', 'zsimnelli@clickbank.net', 'test', '1987-01-29', 'Teacher', NULL, NULL);
INSERT INTO student_incentive_plan."user" (id, first_name, last_name, email, password, date_of_birth, user_type, is_active, user_group) VALUES (20, 'Glenn', 'Jozefiak', 'gjozefiakj@rakuten.co.jp', 'test', '2008-11-10', 'Teacher', NULL, NULL);
INSERT INTO student_incentive_plan."user" (id, first_name, last_name, email, password, date_of_birth, user_type, is_active, user_group) VALUES (21, 'Ellwood', 'Iredell', 'eiredellk@samsung.com', 'test', '2061-07-12', 'Teacher', NULL, NULL);
INSERT INTO student_incentive_plan."user" (id, first_name, last_name, email, password, date_of_birth, user_type, is_active, user_group) VALUES (22, 'Kendra', 'Nassie', 'knassiel@nsw.gov.au', 'test', '2008-12-15', 'Teacher', NULL, NULL);
INSERT INTO student_incentive_plan."user" (id, first_name, last_name, email, password, date_of_birth, user_type, is_active, user_group) VALUES (23, 'Kip', 'Lawly', 'klawlym@godaddy.com', 'test', '2002-06-12', 'Teacher', NULL, NULL);
INSERT INTO student_incentive_plan."user" (id, first_name, last_name, email, password, date_of_birth, user_type, is_active, user_group) VALUES (24, 'Cullie', 'Cocksedge', 'ccocksedgen@so-net.ne.jp', 'test', '2036-01-10', 'Teacher', NULL, NULL);
INSERT INTO student_incentive_plan."user" (id, first_name, last_name, email, password, date_of_birth, user_type, is_active, user_group) VALUES (25, 'Georgeanne', 'Geggie', 'ggeggieo@comsenz.com', 'test', '1993-12-22', 'Teacher', NULL, NULL);
INSERT INTO student_incentive_plan."user" (id, first_name, last_name, email, password, date_of_birth, user_type, is_active, user_group) VALUES (36, 'Joachim', 'Islip', 'jislipz@blogspot.com', 'test', '2029-04-11', 'Student', NULL, NULL);
INSERT INTO student_incentive_plan."user" (id, first_name, last_name, email, password, date_of_birth, user_type, is_active, user_group) VALUES (37, 'Othella', 'Corteis', 'ocorteis10@dedecms.com', 'test', '1980-07-18', 'Student', NULL, NULL);
INSERT INTO student_incentive_plan."user" (id, first_name, last_name, email, password, date_of_birth, user_type, is_active, user_group) VALUES (38, 'Danielle', 'Folomkin', 'dfolomkin11@ehow.com', 'test', '2029-12-02', 'Student', NULL, NULL);
INSERT INTO student_incentive_plan."user" (id, first_name, last_name, email, password, date_of_birth, user_type, is_active, user_group) VALUES (39, 'Raddy', 'Bernardot', 'rbernardot12@t.co', 'test', '2046-09-07', 'Student', NULL, NULL);
INSERT INTO student_incentive_plan."user" (id, first_name, last_name, email, password, date_of_birth, user_type, is_active, user_group) VALUES (40, 'Renard', 'Boucher', 'rboucher13@tiny.cc', 'test', '2014-02-18', 'Student', NULL, NULL);
INSERT INTO student_incentive_plan."user" (id, first_name, last_name, email, password, date_of_birth, user_type, is_active, user_group) VALUES (41, 'Ashby', 'Di Francecshi', 'adifrancecshi14@howstuffworks.com', 'test', '2037-10-24', 'Student', NULL, NULL);
INSERT INTO student_incentive_plan."user" (id, first_name, last_name, email, password, date_of_birth, user_type, is_active, user_group) VALUES (42, 'Sancho', 'Tyre', 'styre15@boston.com', 'test', '2042-12-20', 'Student', NULL, NULL);
INSERT INTO student_incentive_plan."user" (id, first_name, last_name, email, password, date_of_birth, user_type, is_active, user_group) VALUES (43, 'Morganne', 'Beartup', 'mbeartup16@forbes.com', 'test', '1974-11-22', 'Student', NULL, NULL);
INSERT INTO student_incentive_plan."user" (id, first_name, last_name, email, password, date_of_birth, user_type, is_active, user_group) VALUES (44, 'Gard', 'Ruffell', 'gruffell17@quantcast.com', 'test', '2033-12-13', 'Student', NULL, NULL);
INSERT INTO student_incentive_plan."user" (id, first_name, last_name, email, password, date_of_birth, user_type, is_active, user_group) VALUES (45, 'Talia', 'Doick', 'tdoick18@pagesperso-orange.fr', 'test', '2057-12-15', 'Student', NULL, NULL);
INSERT INTO student_incentive_plan."user" (id, first_name, last_name, email, password, date_of_birth, user_type, is_active, user_group) VALUES (46, 'Lenka', 'Rathke', 'lrathke19@zdnet.com', 'test', '2005-05-27', 'Student', NULL, NULL);
INSERT INTO student_incentive_plan."user" (id, first_name, last_name, email, password, date_of_birth, user_type, is_active, user_group) VALUES (47, 'Joanie', 'Ayars', 'jayars1a@un.org', 'test', '1979-05-30', 'Student', NULL, NULL);
INSERT INTO student_incentive_plan."user" (id, first_name, last_name, email, password, date_of_birth, user_type, is_active, user_group) VALUES (48, 'Nettle', 'Crickmore', 'ncrickmore1b@who.int', 'test', '1989-06-15', 'Student', NULL, NULL);
INSERT INTO student_incentive_plan."user" (id, first_name, last_name, email, password, date_of_birth, user_type, is_active, user_group) VALUES (49, 'Christoph', 'Tennet', 'ctennet1c@ifeng.com', 'test', '2045-09-01', 'Student', NULL, NULL);
INSERT INTO student_incentive_plan."user" (id, first_name, last_name, email, password, date_of_birth, user_type, is_active, user_group) VALUES (50, 'Tracy', 'Kearsley', 'tkearsley1d@engadget.com', 'test', '1983-03-25', 'Student', NULL, NULL);
INSERT INTO student_incentive_plan."user" (id, first_name, last_name, email, password, date_of_birth, user_type, is_active, user_group) VALUES (791, 'Tabby', 'Mardle', 'tmardlely@cbc.ca', 'test', '2012-08-11', 'Admin', NULL, NULL);
INSERT INTO student_incentive_plan."user" (id, first_name, last_name, email, password, date_of_birth, user_type, is_active, user_group) VALUES (963, 'Bathsheba', 'Jeannot', 'bjeannotqq@hhs.gov', 'test', '2054-08-27', 'Admin', NULL, NULL);
INSERT INTO student_incentive_plan."user" (id, first_name, last_name, email, password, date_of_birth, user_type, is_active, user_group) VALUES (964, 'Charmaine', 'Pizzie', 'cpizzieqr@yelp.com', 'test', '2044-07-14', 'Admin', NULL, NULL);
INSERT INTO student_incentive_plan."user" (id, first_name, last_name, email, password, date_of_birth, user_type, is_active, user_group) VALUES (965, 'Marco', 'Nussey', 'mnusseyqs@mediafire.com', 'test', '1977-04-11', 'Admin', NULL, NULL);
INSERT INTO student_incentive_plan."user" (id, first_name, last_name, email, password, date_of_birth, user_type, is_active, user_group) VALUES (966, 'Walt', 'Madgett', 'wmadgettqt@webs.com', 'test', '2022-04-01', 'Admin', NULL, NULL);
INSERT INTO student_incentive_plan."user" (id, first_name, last_name, email, password, date_of_birth, user_type, is_active, user_group) VALUES (967, 'Sibyl', 'Adan', 'sadanqu@japanpost.jp', 'test', '2006-03-07', 'Admin', NULL, NULL);
INSERT INTO student_incentive_plan."user" (id, first_name, last_name, email, password, date_of_birth, user_type, is_active, user_group) VALUES (968, 'Mathe', 'Debenham', 'mdebenhamqv@baidu.com', 'test', '1974-05-29', 'Admin', NULL, NULL);
INSERT INTO student_incentive_plan."user" (id, first_name, last_name, email, password, date_of_birth, user_type, is_active, user_group) VALUES (969, 'Mayne', 'Gavigan', 'mgaviganqw@lycos.com', 'test', '1989-03-25', 'Admin', NULL, NULL);
INSERT INTO student_incentive_plan."user" (id, first_name, last_name, email, password, date_of_birth, user_type, is_active, user_group) VALUES (970, 'Dewain', 'Tremontana', 'dtremontanaqx@sfgate.com', 'test', '2021-11-25', 'Admin', NULL, NULL);
INSERT INTO student_incentive_plan."user" (id, first_name, last_name, email, password, date_of_birth, user_type, is_active, user_group) VALUES (971, 'Franciskus', 'Stearn', 'fstearnqy@123-reg.co.uk', 'test', '2030-07-12', 'Admin', NULL, NULL);
INSERT INTO student_incentive_plan."user" (id, first_name, last_name, email, password, date_of_birth, user_type, is_active, user_group) VALUES (972, 'Constantina', 'Spatarul', 'cspatarulqz@about.me', 'test', '2057-06-15', 'Admin', NULL, NULL);
INSERT INTO student_incentive_plan."user" (id, first_name, last_name, email, password, date_of_birth, user_type, is_active, user_group) VALUES (973, 'Charles', 'Mingey', 'cmingeyr0@purevolume.com', 'test', '2051-09-24', 'Admin', NULL, NULL);
INSERT INTO student_incentive_plan."user" (id, first_name, last_name, email, password, date_of_birth, user_type, is_active, user_group) VALUES (974, 'Timmi', 'Jumel', 'tjumelr1@nps.gov', 'test', '2009-09-24', 'Admin', NULL, NULL);
INSERT INTO student_incentive_plan."user" (id, first_name, last_name, email, password, date_of_birth, user_type, is_active, user_group) VALUES (975, 'Robbi', 'Kirsch', 'rkirschr2@sourceforge.net', 'test', '2006-10-10', 'Admin', NULL, NULL);
INSERT INTO student_incentive_plan."user" (id, first_name, last_name, email, password, date_of_birth, user_type, is_active, user_group) VALUES (976, 'Giraud', 'Ravenscroft', 'gravenscroftr3@home.pl', 'test', '2041-06-29', 'Admin', NULL, NULL);
INSERT INTO student_incentive_plan."user" (id, first_name, last_name, email, password, date_of_birth, user_type, is_active, user_group) VALUES (977, 'Jamie', 'Golsthorp', 'jgolsthorpr4@disqus.com', 'test', '2012-10-09', 'Admin', NULL, NULL);
INSERT INTO student_incentive_plan."user" (id, first_name, last_name, email, password, date_of_birth, user_type, is_active, user_group) VALUES (978, 'Kore', 'Deathridge', 'kdeathridger5@soundcloud.com', 'test', '2051-03-11', 'Admin', NULL, NULL);
INSERT INTO student_incentive_plan."user" (id, first_name, last_name, email, password, date_of_birth, user_type, is_active, user_group) VALUES (979, 'Urbanus', 'Pinnegar', 'upinnegarr6@nifty.com', 'test', '1973-07-11', 'Admin', NULL, NULL);
INSERT INTO student_incentive_plan."user" (id, first_name, last_name, email, password, date_of_birth, user_type, is_active, user_group) VALUES (980, 'Perrine', 'Flaxman', 'pflaxmanr7@4shared.com', 'test', '2034-03-15', 'Admin', NULL, NULL);
INSERT INTO student_incentive_plan."user" (id, first_name, last_name, email, password, date_of_birth, user_type, is_active, user_group) VALUES (981, 'Ardyce', 'Poupard', 'apoupardr8@eventbrite.com', 'test', '2049-12-19', 'Admin', NULL, NULL);
INSERT INTO student_incentive_plan."user" (id, first_name, last_name, email, password, date_of_birth, user_type, is_active, user_group) VALUES (982, 'Cosme', 'Tale', 'ctaler9@discuz.net', 'test', '2011-12-17', 'Admin', NULL, NULL);
INSERT INTO student_incentive_plan."user" (id, first_name, last_name, email, password, date_of_birth, user_type, is_active, user_group) VALUES (983, 'Chrystel', 'Benedicte', 'cbenedictera@cam.ac.uk', 'test', '2042-03-06', 'Admin', NULL, NULL);
INSERT INTO student_incentive_plan."user" (id, first_name, last_name, email, password, date_of_birth, user_type, is_active, user_group) VALUES (984, 'Camille', 'Brunelleschi', 'cbrunelleschirb@microsoft.com', 'test', '2045-10-04', 'Admin', NULL, NULL);
INSERT INTO student_incentive_plan."user" (id, first_name, last_name, email, password, date_of_birth, user_type, is_active, user_group) VALUES (985, 'Jacquelin', 'Rennock', 'jrennockrc@hp.com', 'test', '1993-11-05', 'Admin', NULL, NULL);
INSERT INTO student_incentive_plan."user" (id, first_name, last_name, email, password, date_of_birth, user_type, is_active, user_group) VALUES (986, 'Beck', 'Maddocks', 'bmaddocksrd@altervista.org', 'test', '2015-07-08', 'Admin', NULL, NULL);
INSERT INTO student_incentive_plan."user" (id, first_name, last_name, email, password, date_of_birth, user_type, is_active, user_group) VALUES (987, 'Jehu', 'Seiler', 'jseilerre@statcounter.com', 'test', '1990-05-26', 'Admin', NULL, NULL);
INSERT INTO student_incentive_plan."user" (id, first_name, last_name, email, password, date_of_birth, user_type, is_active, user_group) VALUES (988, 'Samaria', 'Biesty', 'sbiestyrf@woothemes.com', 'test', '2031-07-23', 'Admin', NULL, NULL);
INSERT INTO student_incentive_plan."user" (id, first_name, last_name, email, password, date_of_birth, user_type, is_active, user_group) VALUES (989, 'Heindrick', 'Birtwisle', 'hbirtwislerg@google.ru', 'test', '2068-06-02', 'Admin', NULL, NULL);
INSERT INTO student_incentive_plan."user" (id, first_name, last_name, email, password, date_of_birth, user_type, is_active, user_group) VALUES (990, 'Emmalynne', 'Girodon', 'egirodonrh@cam.ac.uk', 'test', '2058-10-13', 'Admin', NULL, NULL);
INSERT INTO student_incentive_plan."user" (id, first_name, last_name, email, password, date_of_birth, user_type, is_active, user_group) VALUES (991, 'Rana', 'Pratchett', 'rpratchettri@google.com.au', 'test', '1980-11-25', 'Admin', NULL, NULL);
INSERT INTO student_incentive_plan."user" (id, first_name, last_name, email, password, date_of_birth, user_type, is_active, user_group) VALUES (992, 'Matilde', 'Muir', 'mmuirrj@goo.ne.jp', 'test', '1987-10-07', 'Admin', NULL, NULL);
INSERT INTO student_incentive_plan."user" (id, first_name, last_name, email, password, date_of_birth, user_type, is_active, user_group) VALUES (993, 'Jerrilee', 'Tolchar', 'jtolcharrk@discuz.net', 'test', '2006-08-14', 'Admin', NULL, NULL);
INSERT INTO student_incentive_plan."user" (id, first_name, last_name, email, password, date_of_birth, user_type, is_active, user_group) VALUES (994, 'Morie', 'Tarbatt', 'mtarbattrl@ihg.com', 'test', '1992-12-10', 'Admin', NULL, NULL);
INSERT INTO student_incentive_plan."user" (id, first_name, last_name, email, password, date_of_birth, user_type, is_active, user_group) VALUES (995, 'Virginie', 'Naton', 'vnatonrm@hhs.gov', 'test', '2020-10-16', 'Admin', NULL, NULL);
INSERT INTO student_incentive_plan."user" (id, first_name, last_name, email, password, date_of_birth, user_type, is_active, user_group) VALUES (996, 'Dasie', 'Wellman', 'dwellmanrn@icq.com', 'test', '2051-09-05', 'Admin', NULL, NULL);
INSERT INTO student_incentive_plan."user" (id, first_name, last_name, email, password, date_of_birth, user_type, is_active, user_group) VALUES (997, 'Maddy', 'Aspinal', 'maspinalro@opera.com', 'test', '1989-05-06', 'Admin', NULL, NULL);
INSERT INTO student_incentive_plan."user" (id, first_name, last_name, email, password, date_of_birth, user_type, is_active, user_group) VALUES (998, 'Hobart', 'Georgievski', 'hgeorgievskirp@amazon.co.jp', 'test', '2019-01-21', 'Admin', NULL, NULL);
INSERT INTO student_incentive_plan."user" (id, first_name, last_name, email, password, date_of_birth, user_type, is_active, user_group) VALUES (999, 'Elsinore', 'Dall', 'edallrq@un.org', 'test', '1988-11-26', 'Admin', NULL, NULL);
INSERT INTO student_incentive_plan."user" (id, first_name, last_name, email, password, date_of_birth, user_type, is_active, user_group) VALUES (1000, 'Kellsie', 'Biesterfeld', 'kbiesterfeldrr@bravesites.com', 'test', '2017-02-22', 'Admin', NULL, NULL);


--
-- TOC entry 3651 (class 0 OID 17674)
-- Dependencies: 227
-- Data for Name: user_course_reln; Type: TABLE DATA; Schema: student_incentive_plan; Owner: postgres
--

INSERT INTO student_incentive_plan.user_course_reln (id, user_id, year_course_reln_id) VALUES (1, 30, 1);
INSERT INTO student_incentive_plan.user_course_reln (id, user_id, year_course_reln_id) VALUES (2, 31, 2);
INSERT INTO student_incentive_plan.user_course_reln (id, user_id, year_course_reln_id) VALUES (3, 32, 3);
INSERT INTO student_incentive_plan.user_course_reln (id, user_id, year_course_reln_id) VALUES (4, 33, 4);
INSERT INTO student_incentive_plan.user_course_reln (id, user_id, year_course_reln_id) VALUES (5, 34, 5);
INSERT INTO student_incentive_plan.user_course_reln (id, user_id, year_course_reln_id) VALUES (6, 35, 6);
INSERT INTO student_incentive_plan.user_course_reln (id, user_id, year_course_reln_id) VALUES (7, 36, 7);
INSERT INTO student_incentive_plan.user_course_reln (id, user_id, year_course_reln_id) VALUES (8, 37, 8);
INSERT INTO student_incentive_plan.user_course_reln (id, user_id, year_course_reln_id) VALUES (9, 38, 9);
INSERT INTO student_incentive_plan.user_course_reln (id, user_id, year_course_reln_id) VALUES (10, 39, 10);
INSERT INTO student_incentive_plan.user_course_reln (id, user_id, year_course_reln_id) VALUES (11, 30, 10);
INSERT INTO student_incentive_plan.user_course_reln (id, user_id, year_course_reln_id) VALUES (12, 31, 9);
INSERT INTO student_incentive_plan.user_course_reln (id, user_id, year_course_reln_id) VALUES (13, 32, 8);
INSERT INTO student_incentive_plan.user_course_reln (id, user_id, year_course_reln_id) VALUES (14, 33, 7);
INSERT INTO student_incentive_plan.user_course_reln (id, user_id, year_course_reln_id) VALUES (15, 34, 6);
INSERT INTO student_incentive_plan.user_course_reln (id, user_id, year_course_reln_id) VALUES (16, 35, 5);
INSERT INTO student_incentive_plan.user_course_reln (id, user_id, year_course_reln_id) VALUES (17, 36, 4);
INSERT INTO student_incentive_plan.user_course_reln (id, user_id, year_course_reln_id) VALUES (18, 37, 3);
INSERT INTO student_incentive_plan.user_course_reln (id, user_id, year_course_reln_id) VALUES (19, 38, 2);
INSERT INTO student_incentive_plan.user_course_reln (id, user_id, year_course_reln_id) VALUES (20, 39, 1);
INSERT INTO student_incentive_plan.user_course_reln (id, user_id, year_course_reln_id) VALUES (20231018051450, 948, 8);
INSERT INTO student_incentive_plan.user_course_reln (id, user_id, year_course_reln_id) VALUES (20231018051507, 948, 7);
INSERT INTO student_incentive_plan.user_course_reln (id, user_id, year_course_reln_id) VALUES (20231027030157743, 20231027025919153, 8);


--
-- TOC entry 3642 (class 0 OID 17461)
-- Dependencies: 218
-- Data for Name: user_reln; Type: TABLE DATA; Schema: student_incentive_plan; Owner: postgres
--

INSERT INTO student_incentive_plan.user_reln (id, primary_user_id, related_user_id, reln_type, status) VALUES (1, 30, 105, 'parent', NULL);
INSERT INTO student_incentive_plan.user_reln (id, primary_user_id, related_user_id, reln_type, status) VALUES (3, 32, 107, 'parent', NULL);
INSERT INTO student_incentive_plan.user_reln (id, primary_user_id, related_user_id, reln_type, status) VALUES (4, 33, 108, 'parent', NULL);
INSERT INTO student_incentive_plan.user_reln (id, primary_user_id, related_user_id, reln_type, status) VALUES (5, 34, 109, 'parent', NULL);
INSERT INTO student_incentive_plan.user_reln (id, primary_user_id, related_user_id, reln_type, status) VALUES (6, 35, 110, 'parent', NULL);
INSERT INTO student_incentive_plan.user_reln (id, primary_user_id, related_user_id, reln_type, status) VALUES (7, 36, 111, 'parent', NULL);
INSERT INTO student_incentive_plan.user_reln (id, primary_user_id, related_user_id, reln_type, status) VALUES (8, 37, 112, 'parent', NULL);
INSERT INTO student_incentive_plan.user_reln (id, primary_user_id, related_user_id, reln_type, status) VALUES (9, 38, 113, 'parent', NULL);
INSERT INTO student_incentive_plan.user_reln (id, primary_user_id, related_user_id, reln_type, status) VALUES (10, 39, 114, 'parent', NULL);
INSERT INTO student_incentive_plan.user_reln (id, primary_user_id, related_user_id, reln_type, status) VALUES (11, 30, 130, 'parent', NULL);
INSERT INTO student_incentive_plan.user_reln (id, primary_user_id, related_user_id, reln_type, status) VALUES (12, 31, 131, 'parent', NULL);
INSERT INTO student_incentive_plan.user_reln (id, primary_user_id, related_user_id, reln_type, status) VALUES (13, 32, 132, 'parent', NULL);
INSERT INTO student_incentive_plan.user_reln (id, primary_user_id, related_user_id, reln_type, status) VALUES (14, 33, 133, 'parent', NULL);
INSERT INTO student_incentive_plan.user_reln (id, primary_user_id, related_user_id, reln_type, status) VALUES (15, 34, 134, 'parent', NULL);
INSERT INTO student_incentive_plan.user_reln (id, primary_user_id, related_user_id, reln_type, status) VALUES (16, 35, 135, 'parent', NULL);
INSERT INTO student_incentive_plan.user_reln (id, primary_user_id, related_user_id, reln_type, status) VALUES (17, 36, 136, 'parent', NULL);
INSERT INTO student_incentive_plan.user_reln (id, primary_user_id, related_user_id, reln_type, status) VALUES (18, 37, 137, 'parent', NULL);
INSERT INTO student_incentive_plan.user_reln (id, primary_user_id, related_user_id, reln_type, status) VALUES (19, 38, 138, 'parent', NULL);
INSERT INTO student_incentive_plan.user_reln (id, primary_user_id, related_user_id, reln_type, status) VALUES (20, 39, 139, 'parent', NULL);
INSERT INTO student_incentive_plan.user_reln (id, primary_user_id, related_user_id, reln_type, status) VALUES (20231025061740, 26, 26, 'Parent', 'Y');
INSERT INTO student_incentive_plan.user_reln (id, primary_user_id, related_user_id, reln_type, status) VALUES (20231025065154, 31, 1, 'Teacher', 'Y');
INSERT INTO student_incentive_plan.user_reln (id, primary_user_id, related_user_id, reln_type, status) VALUES (20231025070735, 31, 106, 'Friend', 'Y');
INSERT INTO student_incentive_plan.user_reln (id, primary_user_id, related_user_id, reln_type, status) VALUES (20231026070403695, 31, 9, 'Teacher', 'Y');
INSERT INTO student_incentive_plan.user_reln (id, primary_user_id, related_user_id, reln_type, status) VALUES (20231027030254263, 20231027025919153, 1, 'Friend', 'Y');
INSERT INTO student_incentive_plan.user_reln (id, primary_user_id, related_user_id, reln_type, status) VALUES (20231027030527229, 20231027025919153, 106, 'Other', 'Y');
INSERT INTO student_incentive_plan.user_reln (id, primary_user_id, related_user_id, reln_type, status) VALUES (20231027182655748, 20231027025919153, 26, 'Other', 'Y');


--
-- TOC entry 3648 (class 0 OID 17501)
-- Dependencies: 224
-- Data for Name: user_schedule; Type: TABLE DATA; Schema: student_incentive_plan; Owner: postgres
--

INSERT INTO student_incentive_plan.user_schedule (id, user_id, task_id, start_date, end_date, completion_percentage, status, update) VALUES (20231026010047, 31, 9, '2023-10-25', '2023-10-31', 0, 'X', NULL);
INSERT INTO student_incentive_plan.user_schedule (id, user_id, task_id, start_date, end_date, completion_percentage, status, update) VALUES (20231025214538, 31, 2, '2023-10-25', '2023-10-20', 75, 'A', NULL);
INSERT INTO student_incentive_plan.user_schedule (id, user_id, task_id, start_date, end_date, completion_percentage, status, update) VALUES (20231026010235, 31, 9, '2023-10-25', '2023-10-31', 90, 'A', NULL);
INSERT INTO student_incentive_plan.user_schedule (id, user_id, task_id, start_date, end_date, completion_percentage, status, update) VALUES (20231027030437450, 20231027025919153, 8, '2023-10-26', '2023-10-31', 75, 'A', NULL);


--
-- TOC entry 3650 (class 0 OID 17510)
-- Dependencies: 226
-- Data for Name: user_schedule_assigned_user_reln; Type: TABLE DATA; Schema: student_incentive_plan; Owner: postgres
--

INSERT INTO student_incentive_plan.user_schedule_assigned_user_reln (id, user_schedule_id, assigned_user_id, assigned_user_comments, status) VALUES (20231027030539996, 20231027030437450, 1, 'Updated by Advaith Sunkara at 2023-10-26 23:42:20 :<br>Update #1<br>Updated by Advaith Sunkara at 2023-10-26 23:42:20 :<br>Update #2<br>Updated by Advaith Sunkara at 2023-10-26 23:42:20 :<br>Update #3<br>Updated by Advaith Sunkara at 2023-10-26 23:42:20 :<br><br>Updated by Advaith Sunkara at 2023-10-27 09:18:45 :<br>1<br>Updated by Advaith Sunkara at 2023-10-27 09:22:05 :<br>11', 'A');
INSERT INTO student_incentive_plan.user_schedule_assigned_user_reln (id, user_schedule_id, assigned_user_id, assigned_user_comments, status) VALUES (20231027030540012, 20231027030437450, 106, 'Updated by Advaith Sunkara at 2023-10-27 09:18:45 :<br>2<br>Updated by Advaith Sunkara at 2023-10-27 09:22:05 :<br>22', 'A');
INSERT INTO student_incentive_plan.user_schedule_assigned_user_reln (id, user_schedule_id, assigned_user_id, assigned_user_comments, status) VALUES (20231026063553, 20231025214538, 1, '', 'A');
INSERT INTO student_incentive_plan.user_schedule_assigned_user_reln (id, user_schedule_id, assigned_user_id, assigned_user_comments, status) VALUES (20231026063603, 20231025214538, 106, '', 'A');
INSERT INTO student_incentive_plan.user_schedule_assigned_user_reln (id, user_schedule_id, assigned_user_id, assigned_user_comments, status) VALUES (20231026065154, 20231026010235, 131, '', 'A');
INSERT INTO student_incentive_plan.user_schedule_assigned_user_reln (id, user_schedule_id, assigned_user_id, assigned_user_comments, status) VALUES (20231026070423223, 20231026010235, 1, '', 'A');
INSERT INTO student_incentive_plan.user_schedule_assigned_user_reln (id, user_schedule_id, assigned_user_id, assigned_user_comments, status) VALUES (20231026070423241, 20231026010235, 106, '', 'A');
INSERT INTO student_incentive_plan.user_schedule_assigned_user_reln (id, user_schedule_id, assigned_user_id, assigned_user_comments, status) VALUES (20231026070423257, 20231026010235, 9, '', 'A');


--
-- TOC entry 3665 (class 0 OID 0)
-- Dependencies: 219
-- Name: course_id_seq; Type: SEQUENCE SET; Schema: student_incentive_plan; Owner: postgres
--

SELECT pg_catalog.setval('student_incentive_plan.course_id_seq', 1, true);


--
-- TOC entry 3666 (class 0 OID 0)
-- Dependencies: 225
-- Name: schedule_reln_id_seq; Type: SEQUENCE SET; Schema: student_incentive_plan; Owner: postgres
--

SELECT pg_catalog.setval('student_incentive_plan.schedule_reln_id_seq', 1, false);


--
-- TOC entry 3667 (class 0 OID 0)
-- Dependencies: 221
-- Name: task_id_seq; Type: SEQUENCE SET; Schema: student_incentive_plan; Owner: postgres
--

SELECT pg_catalog.setval('student_incentive_plan.task_id_seq', 1, false);


--
-- TOC entry 3668 (class 0 OID 0)
-- Dependencies: 215
-- Name: user_id_seq; Type: SEQUENCE SET; Schema: student_incentive_plan; Owner: postgres
--

SELECT pg_catalog.setval('student_incentive_plan.user_id_seq', 1, false);


--
-- TOC entry 3669 (class 0 OID 0)
-- Dependencies: 217
-- Name: user_reln_id_seq; Type: SEQUENCE SET; Schema: student_incentive_plan; Owner: postgres
--

SELECT pg_catalog.setval('student_incentive_plan.user_reln_id_seq', 1, false);


--
-- TOC entry 3670 (class 0 OID 0)
-- Dependencies: 223
-- Name: user_schedule_id_seq; Type: SEQUENCE SET; Schema: student_incentive_plan; Owner: postgres
--

SELECT pg_catalog.setval('student_incentive_plan.user_schedule_id_seq', 1, false);


--
-- TOC entry 3486 (class 2606 OID 17529)
-- Name: course course_pkey; Type: CONSTRAINT; Schema: student_incentive_plan; Owner: postgres
--

ALTER TABLE ONLY student_incentive_plan.course
    ADD CONSTRAINT course_pkey PRIMARY KEY (id);


--
-- TOC entry 3496 (class 2606 OID 17694)
-- Name: course_year_reln course_year_reln_pk; Type: CONSTRAINT; Schema: student_incentive_plan; Owner: postgres
--

ALTER TABLE ONLY student_incentive_plan.course_year_reln
    ADD CONSTRAINT course_year_reln_pk PRIMARY KEY (id);


--
-- TOC entry 3492 (class 2606 OID 17554)
-- Name: user_schedule_assigned_user_reln schedule_reln_pkey; Type: CONSTRAINT; Schema: student_incentive_plan; Owner: postgres
--

ALTER TABLE ONLY student_incentive_plan.user_schedule_assigned_user_reln
    ADD CONSTRAINT schedule_reln_pkey PRIMARY KEY (id);


--
-- TOC entry 3488 (class 2606 OID 17569)
-- Name: task task_pkey; Type: CONSTRAINT; Schema: student_incentive_plan; Owner: postgres
--

ALTER TABLE ONLY student_incentive_plan.task
    ADD CONSTRAINT task_pkey PRIMARY KEY (id);


--
-- TOC entry 3494 (class 2606 OID 17678)
-- Name: user_course_reln user_course_reln_pkey; Type: CONSTRAINT; Schema: student_incentive_plan; Owner: postgres
--

ALTER TABLE ONLY student_incentive_plan.user_course_reln
    ADD CONSTRAINT user_course_reln_pkey PRIMARY KEY (id);


--
-- TOC entry 3479 (class 2606 OID 17459)
-- Name: user user_email_key; Type: CONSTRAINT; Schema: student_incentive_plan; Owner: postgres
--

ALTER TABLE ONLY student_incentive_plan."user"
    ADD CONSTRAINT user_email_key UNIQUE (email);


--
-- TOC entry 3481 (class 2606 OID 17599)
-- Name: user user_pk; Type: CONSTRAINT; Schema: student_incentive_plan; Owner: postgres
--

ALTER TABLE ONLY student_incentive_plan."user"
    ADD CONSTRAINT user_pk PRIMARY KEY (id);


--
-- TOC entry 3483 (class 2606 OID 17628)
-- Name: user_reln user_reln_pkey; Type: CONSTRAINT; Schema: student_incentive_plan; Owner: postgres
--

ALTER TABLE ONLY student_incentive_plan.user_reln
    ADD CONSTRAINT user_reln_pkey PRIMARY KEY (id);


--
-- TOC entry 3490 (class 2606 OID 17644)
-- Name: user_schedule user_schedule_pkey; Type: CONSTRAINT; Schema: student_incentive_plan; Owner: postgres
--

ALTER TABLE ONLY student_incentive_plan.user_schedule
    ADD CONSTRAINT user_schedule_pkey PRIMARY KEY (id);


--
-- TOC entry 3484 (class 1259 OID 17476)
-- Name: course_name_index; Type: INDEX; Schema: student_incentive_plan; Owner: postgres
--

CREATE INDEX course_name_index ON student_incentive_plan.course USING btree (course_name);


-- Completed on 2023-10-27 22:45:40 PDT

--
-- PostgreSQL database dump complete
--

